id	ec_number	domain	ec3
P41562	1.1.1.42	Eukarya	1.1.1
Q59477	1.1.1.202	Bacteria	1.1.1
Q00055	1.1.1.8	Eukarya	1.1.1
P40288	1.1.1.47	Bacteria	1.1.1
Q38707	1.1.1.255	Eukarya	1.1.1
Q59468	1.1.1.34	Archaea	1.1.1
P12013	1.1.1.343	Bacteria	1.1.1
P28241	1.1.1.41	Eukarya	1.1.1
P42328	1.1.1.1	Bacteria	1.1.1
P04035	1.1.1.34	Eukarya	1.1.1
P76251	1.1.1.83	Bacteria	1.1.1
P31116	1.1.1.3	Eukarya	1.1.1
P14550	1.1.1.2	Eukarya	1.1.1
Q02971	1.1.1.195	Eukarya	1.1.1
Q9WYI1	1.1.1.25	Bacteria	1.1.1
Q21929	1.1.1.10	Eukarya	1.1.1
P0A9T0	1.1.1.95	Bacteria	1.1.1
P61495	1.1.1.85	Bacteria	1.1.1
P39849	1.1.1.90	Bacteria	1.1.1
Q07841	1.1.1.37	Archaea	1.1.1
Q9K3J3	1.1.1.37	Bacteria	1.1.1
P26616	1.1.1.38	Bacteria	1.1.1
Q04212	1.1.1.116	Eukarya	1.1.1
P50578	1.1.1.2	Eukarya	1.1.1
P00331	1.1.1.1	Eukarya	1.1.1
P00349	1.1.1.44	Eukarya	1.1.1
P06988	1.1.1.23	Bacteria	1.1.1
P00347	1.1.1.34	Eukarya	1.1.1
P38720	1.1.1.44	Eukarya	1.1.1
P33198	1.1.1.42	Eukarya	1.1.1
P15428	1.1.1.141	Eukarya	1.1.1
O29610	1.1.1.42	Archaea	1.1.1
P54071	1.1.1.42	Eukarya	1.1.1
P76558	1.1.1.40	Bacteria	1.1.1
P50162	1.1.1.206	Eukarya	1.1.1
Q27743	1.1.1.27	Eukarya	1.1.1
P37412	1.1.1.85	Bacteria	1.1.1
P45376	1.1.1.21	Eukarya	1.1.1
P50941	1.1.1.100	Bacteria	1.1.1
P22133	1.1.1.37	Eukarya	1.1.1
P09347	1.1.1.327	Bacteria	1.1.1
P77555	1.1.1.350	Bacteria	1.1.1
P05793	1.1.1.86	Bacteria	1.1.1
P14755	1.1.1.45	Eukarya	1.1.1
P00327	1.1.1.1	Eukarya	1.1.1
P21954	1.1.1.42	Eukarya	1.1.1
P13702	1.1.1.88	Bacteria	1.1.1
O32223	1.1.1.371	Bacteria	1.1.1
Q00796	1.1.1.14	Eukarya	1.1.1
O67049	1.1.1.25	Bacteria	1.1.1
P00175	1.1.2.3	Eukarya	1.1.2
P16027	1.1.2.7	Bacteria	1.1.2
P14775	1.1.2.7	Bacteria	1.1.2
P13006	1.1.3.4	Eukarya	1.1.3
Q00922	1.1.3.13	Eukarya	1.1.3
Q9UJM8	1.1.3.15	Eukarya	1.1.3
P56216	1.1.3.38	Eukarya	1.1.3
Q07523	1.1.3.15	Eukarya	1.1.3
P04841	1.1.3.13	Eukarya	1.1.3
P22637	1.1.3.6	Bacteria	1.1.3
P12676	1.1.3.6	Bacteria	1.1.3
P81156	1.1.3.4	Eukarya	1.1.3
P35571	1.1.5.3	Eukarya	1.1.5
O24913	1.1.5.4	Bacteria	1.1.5
Q64521	1.1.5.3	Eukarya	1.1.5
P43304	1.1.5.3	Eukarya	1.1.5
O69282	1.1.5.4	Bacteria	1.1.5
Q01738	1.1.99.18	Eukarya	1.1.99
P20932	1.1.99.31	Bacteria	1.1.99
P80175	1.1.99.36	Bacteria	1.1.99
Q07982	1.1.99.28	Bacteria	1.1.99
P22185	1.10.3.11	Eukarya	1.10.3
P14133	1.10.3.3	Eukarya	1.10.3
P43311	1.10.3.1	Eukarya	1.10.3
P37064	1.10.3.3	Eukarya	1.10.3
Q02497	1.10.3.2	Eukarya	1.10.3
Q12739	1.10.3.2	Eukarya	1.10.3
P09933	1.11.1.8	Eukarya	1.11.1
P06181	1.11.1.14	Eukarya	1.11.1
O35244	1.11.1.15	Eukarya	1.11.1
P81701	1.11.1.18	Eukarya	1.11.1
P04040	1.11.1.6	Eukarya	1.11.1
Q06830	1.11.1.15	Eukarya	1.11.1
P28313	1.11.1.7	Eukarya	1.11.1
Q02567	1.11.1.13	Eukarya	1.11.1
P30041	1.11.1.15	Eukarya	1.11.1
P42321	1.11.1.6	Bacteria	1.11.1
O58966	1.11.1.15	Archaea	1.11.1
P04762	1.11.1.6	Eukarya	1.11.1
O28050	1.11.1.21	Archaea	1.11.1
O59651	1.11.1.21	Archaea	1.11.1
P55929	1.11.1.5	Bacteria	1.11.1
P80025	1.11.1.7	Eukarya	1.11.1
O75715	1.11.1.9	Eukarya	1.11.1
P21762	1.11.1.15	Bacteria	1.11.1
Q05431	1.11.1.11	Eukarya	1.11.1
P32119	1.11.1.15	Eukarya	1.11.1
Q96291	1.11.1.15	Eukarya	1.11.1
Q63716	1.11.1.15	Eukarya	1.11.1
O08709	1.11.1.15	Eukarya	1.11.1
Q13162	1.11.1.15	Eukarya	1.11.1
O77834	1.11.1.15	Eukarya	1.11.1
P49012	1.11.1.14	Eukarya	1.11.1
P30044	1.11.1.15	Eukarya	1.11.1
P14532	1.11.1.5	Bacteria	1.11.1
P37062	1.11.1.1	Bacteria	1.11.1
Q9Y9L0	1.11.1.15	Archaea	1.11.1
P00432	1.11.1.6	Eukarya	1.11.1
P00431	1.11.1.5	Eukarya	1.11.1
P00433	1.11.1.7	Eukarya	1.11.1
P35704	1.11.1.15	Eukarya	1.11.1
P05164	1.11.2.2	Eukarya	1.11.2
O31440	1.11.2.4	Bacteria	1.11.2
P22319	1.12.1.2	Bacteria	1.12.1
P22318	1.12.1.2	Bacteria	1.12.1
P22320	1.12.1.2	Bacteria	1.12.1
P22317	1.12.1.2	Bacteria	1.12.1
P18187	1.12.2.1	Bacteria	1.12.2
Q06173	1.12.2.1	Bacteria	1.12.2
P32440	1.12.98.2	Archaea	1.12.98
P19499	1.12.98.1	Archaea	1.12.98
P19496	1.12.98.1	Archaea	1.12.98
P80489	1.12.98.1	Archaea	1.12.98
Q02394	1.12.98.2	Archaea	1.12.98
P80490	1.12.98.1	Archaea	1.12.98
P32441	1.12.98.2	Archaea	1.12.98
P19498	1.12.98.1	Archaea	1.12.98
P80491	1.12.98.1	Archaea	1.12.98
Q58194	1.12.98.2	Archaea	1.12.98
P31891	1.12.99.6	Bacteria	1.12.99
P32754	1.13.11.27	Eukarya	1.13.11
P21643	1.13.11.11	Eukarya	1.13.11
P80064	1.13.11.27	Bacteria	1.13.11
Q06327	1.13.11.58	Eukarya	1.13.11
P06622	1.13.11.2	Bacteria	1.13.11
P38418	1.13.11.12	Eukarya	1.13.11
P29114	1.13.11.58	Eukarya	1.13.11
P42106	1.13.11.24	Bacteria	1.13.11
Q53586	1.13.11.27	Bacteria	1.13.11
P12527	1.13.11.34	Eukarya	1.13.11
O15296	1.13.11.33	Eukarya	1.13.11
P47096	1.13.11.6	Eukarya	1.13.11
P21816	1.13.11.20	Eukarya	1.13.11
Q16878	1.13.11.20	Eukarya	1.13.11
P07773	1.13.11.1	Bacteria	1.13.11
P16050	1.13.11.33	Eukarya	1.13.11
P29082	1.13.11.55	Archaea	1.13.11
P95607	1.13.11.1	Bacteria	1.13.11
P48776	1.13.11.11	Eukarya	1.13.11
P20351	1.13.11.11	Eukarya	1.13.11
P09917	1.13.11.34	Eukarya	1.13.11
P48775	1.13.11.11	Eukarya	1.13.11
P12530	1.13.11.33	Eukarya	1.13.11
P93836	1.13.11.27	Eukarya	1.13.11
P32755	1.13.11.27	Eukarya	1.13.11
P48999	1.13.11.34	Eukarya	1.13.11
P18054	1.13.11.31	Eukarya	1.13.11
Q93099	1.13.11.5	Eukarya	1.13.11
P13129	1.13.12.7	Eukarya	1.13.12
P27652	1.13.12.5	Eukarya	1.13.12
P06617	1.13.12.3	Bacteria	1.13.12
P17554	1.13.12.6	Eukarya	1.13.12
P42220	1.14.11.26	Bacteria	1.14.11
P40034	1.14.11.27	Eukarya	1.14.11
P05050	1.14.11.33	Bacteria	1.14.11
P37610	1.14.11.17	Bacteria	1.14.11
O75936	1.14.11.1	Eukarya	1.14.11
O14832	1.14.11.18	Eukarya	1.14.11
P13674	1.14.11.2	Eukarya	1.14.11
O00469	1.14.11.4	Eukarya	1.14.11
Q46372	1.14.12.18	Bacteria	1.14.12
P37333	1.14.12.18	Bacteria	1.14.12
P37334	1.14.12.18	Bacteria	1.14.12
Q04468	1.14.13.11	Eukarya	1.14.13
Q01740	1.14.13.8	Eukarya	1.14.13
Q06518	1.14.13.39	Eukarya	1.14.13
P29474	1.14.13.39	Eukarya	1.14.13
P50285	1.14.13.8	Eukarya	1.14.13
P29475	1.14.13.39	Eukarya	1.14.13
P38169	1.14.13.9	Eukarya	1.14.13
P49326	1.14.13.8	Eukarya	1.14.13
Q64654	1.14.13.70	Eukarya	1.14.13
P17635	1.14.13.8	Eukarya	1.14.13
Q16850	1.14.13.70	Eukarya	1.14.13
P20586	1.14.13.2	Bacteria	1.14.13
O13345	1.14.13.175	Eukarya	1.14.13
Q43250	1.14.13.139	Eukarya	1.14.13
P29473	1.14.13.39	Eukarya	1.14.13
Q99518	1.14.13.8	Eukarya	1.14.13
P97872	1.14.13.8	Eukarya	1.14.13
P93147	1.14.13.89	Eukarya	1.14.13
P32009	1.14.13.180	Bacteria	1.14.13
Q43257	1.14.13.137	Eukarya	1.14.13
P11987	1.14.13.25	Bacteria	1.14.13
O81346	1.14.13.125	Eukarya	1.14.13
P42535	1.14.13.50	Bacteria	1.14.13
Q43255	1.14.13.138	Eukarya	1.14.13
P29477	1.14.13.39	Eukarya	1.14.13
P22869	1.14.13.25	Bacteria	1.14.13
P70313	1.14.13.39	Eukarya	1.14.13
P10613	1.14.13.70	Eukarya	1.14.13
P18798	1.14.13.25	Bacteria	1.14.13
P31512	1.14.13.8	Eukarya	1.14.13
P35228	1.14.13.39	Eukarya	1.14.13
P93149	1.14.13.87	Eukarya	1.14.13
Q15800	1.14.13.72	Eukarya	1.14.13
Q00441	1.14.13.188	Bacteria	1.14.13
P36365	1.14.13.8	Eukarya	1.14.13
P29476	1.14.13.39	Eukarya	1.14.13
P19839	1.14.14.3	Bacteria	1.14.14
P20815	1.14.14.1	Eukarya	1.14.14
P10632	1.14.14.1	Eukarya	1.14.14
P04800	1.14.14.1	Eukarya	1.14.14
P19840	1.14.14.3	Bacteria	1.14.14
P11511	1.14.14.14	Eukarya	1.14.14
P54989	1.14.14.10	Bacteria	1.14.14
P04799	1.14.14.1	Eukarya	1.14.14
P24462	1.14.14.1	Eukarya	1.14.14
P07740	1.14.14.3	Bacteria	1.14.14
P00189	1.14.15.6	Eukarya	1.14.15
O34926	1.14.15.13	Bacteria	1.14.15
P00183	1.14.15.1	Bacteria	1.14.15
P05108	1.14.15.6	Eukarya	1.14.15
P17752	1.14.16.4	Eukarya	1.14.16
P70080	1.14.16.4	Eukarya	1.14.16
P00439	1.14.16.1	Eukarya	1.14.16
P07101	1.14.16.2	Eukarya	1.14.16
P30967	1.14.16.1	Bacteria	1.14.16
P04177	1.14.16.2	Eukarya	1.14.16
P04176	1.14.16.1	Eukarya	1.14.16
P09172	1.14.17.1	Eukarya	1.14.17
Q00985	1.14.17.4	Eukarya	1.14.17
P14679	1.14.18.1	Eukarya	1.14.18
P11344	1.14.18.1	Eukarya	1.14.18
P13516	1.14.19.1	Eukarya	1.14.19
P07308	1.14.19.1	Eukarya	1.14.19
P22337	1.14.19.2	Eukarya	1.14.19
P13011	1.14.19.1	Eukarya	1.14.19
P22243	1.14.19.2	Eukarya	1.14.19
O00767	1.14.19.1	Eukarya	1.14.19
P18548	1.14.20.1	Bacteria	1.14.20
Q9VUF8	1.14.99.22	Eukarya	1.14.99
P05979	1.14.99.1	Eukarya	1.14.99
Q05769	1.14.99.1	Eukarya	1.14.99
P35355	1.14.99.1	Eukarya	1.14.99
P35354	1.14.99.1	Eukarya	1.14.99
P23219	1.14.99.1	Eukarya	1.14.99
P79208	1.14.99.1	Eukarya	1.14.99
P04179	1.15.1.1	Eukarya	1.15.1
O58810	1.15.1.2	Archaea	1.15.1
P00441	1.15.1.1	Eukarya	1.15.1
Q9WZC6	1.15.1.2	Bacteria	1.15.1
P00442	1.15.1.1	Eukarya	1.15.1
Q08713	1.15.1.1	Archaea	1.15.1
P22076	1.15.1.2	Bacteria	1.15.1
P20418	1.15.1.2	Bacteria	1.15.1
P82385	1.15.1.2	Archaea	1.15.1
P00448	1.15.1.1	Bacteria	1.15.1
Q9Y8H8	1.15.1.1	Archaea	1.15.1
O93724	1.15.1.1	Archaea	1.15.1
Q46495	1.15.1.2	Bacteria	1.15.1
P80857	1.15.1.1	Archaea	1.15.1
P00450	1.16.3.1	Eukarya	1.16.3
Q61147	1.16.3.1	Eukarya	1.16.3
P02794	1.16.3.1	Eukarya	1.16.3
Q9X1K8	1.17.1.8	Bacteria	1.17.1
P04036	1.17.1.8	Bacteria	1.17.1
P69924	1.17.4.1	Bacteria	1.17.4
P00452	1.17.4.1	Bacteria	1.17.4
P21524	1.17.4.1	Eukarya	1.17.4
P11157	1.17.4.1	Eukarya	1.17.4
P31350	1.17.4.1	Eukarya	1.17.4
P37146	1.17.4.1	Bacteria	1.17.4
P23921	1.17.4.1	Eukarya	1.17.4
O84835	1.17.4.1	Bacteria	1.17.4
O02767	1.17.99.3	Eukarya	1.17.99
P97562	1.17.99.3	Eukarya	1.17.99
P09788	1.17.99.1	Bacteria	1.17.99
P08165	1.18.1.6	Eukarya	1.18.1
P16640	1.18.1.5	Bacteria	1.18.1
P28861	1.18.1.2	Bacteria	1.18.1
P10933	1.18.1.2	Eukarya	1.18.1
Q55318	1.18.1.2	Bacteria	1.18.1
P21890	1.18.1.2	Bacteria	1.18.1
P00455	1.18.1.2	Eukarya	1.18.1
P07328	1.18.6.1	Bacteria	1.18.6
P00459	1.18.6.1	Bacteria	1.18.6
P22513	1.2.1.12	Eukarya	1.2.1
P0A9B2	1.2.1.12	Bacteria	1.2.1
P25856	1.2.1.13	Eukarya	1.2.1
Q27890	1.2.1.12	Eukarya	1.2.1
Q59931	1.2.1.9	Bacteria	1.2.1
P28462	1.2.1.70	Bacteria	1.2.1
P49189	1.2.1.47	Eukarya	1.2.1
P47895	1.2.1.5	Eukarya	1.2.1
P05091	1.2.1.3	Eukarya	1.2.1
P49419	1.2.1.31	Eukarya	1.2.1
P43353	1.2.1.5	Eukarya	1.2.1
P25858	1.2.1.12	Eukarya	1.2.1
P04406	1.2.1.12	Eukarya	1.2.1
P44801	1.2.1.11	Bacteria	1.2.1
P0A9Q9	1.2.1.11	Bacteria	1.2.1
P11446	1.2.1.38	Bacteria	1.2.1
Q42843	1.2.1.70	Eukarya	1.2.1
P17202	1.2.1.8	Eukarya	1.2.1
P30038	1.2.1.88	Eukarya	1.2.1
O24174	1.2.1.8	Eukarya	1.2.1
P00362	1.2.1.12	Bacteria	1.2.1
P25857	1.2.1.13	Eukarya	1.2.1
P77674	1.2.1.19	Bacteria	1.2.1
O34425	1.2.1.59	Bacteria	1.2.1
Q9WYC9	1.2.1.41	Bacteria	1.2.1
P47740	1.2.1.3	Eukarya	1.2.1
Q62148	1.2.1.36	Eukarya	1.2.1
P04797	1.2.1.12	Eukarya	1.2.1
P30837	1.2.1.3	Eukarya	1.2.1
P25526	1.2.1.79	Bacteria	1.2.1
P80668	1.2.1.39	Bacteria	1.2.1
P30838	1.2.1.5	Eukarya	1.2.1
Q58546	1.2.1.59	Archaea	1.2.1
P33160	1.2.1.2	Bacteria	1.2.1
P19866	1.2.1.13	Eukarya	1.2.1
P47738	1.2.1.3	Eukarya	1.2.1
P46154	1.2.1.46	Bacteria	1.2.1
P23247	1.2.1.11	Bacteria	1.2.1
P51649	1.2.1.24	Eukarya	1.2.1
Q51344	1.2.1.11	Bacteria	1.2.1
P25553	1.2.1.22	Bacteria	1.2.1
P47739	1.2.1.5	Eukarya	1.2.1
O14556	1.2.1.12	Eukarya	1.2.1
P56649	1.2.1.12	Eukarya	1.2.1
P48034	1.2.3.1	Eukarya	1.2.3
Q06278	1.2.3.1	Eukarya	1.2.3
P37063	1.2.3.3	Bacteria	1.2.3
P80456	1.2.3.1	Eukarya	1.2.3
P45850	1.2.3.4	Eukarya	1.2.3
P15290	1.2.3.4	Eukarya	1.2.3
P08559	1.2.4.1	Eukarya	1.2.4
P0AFG3	1.2.4.2	Bacteria	1.2.4
P0AFG8	1.2.4.1	Bacteria	1.2.4
P35738	1.2.4.4	Eukarya	1.2.4
P52903	1.2.4.1	Eukarya	1.2.4
P07003	1.2.5.1	Bacteria	1.2.5
Q51739	1.2.7.5	Archaea	1.2.7
O07836	1.2.7.8	Archaea	1.2.7
P80521	1.2.7.1	Archaea	1.2.7
O07835	1.2.7.8	Archaea	1.2.7
P80523	1.2.7.1	Archaea	1.2.7
P80522	1.2.7.1	Archaea	1.2.7
Q46509	1.2.99.7	Bacteria	1.2.99
P30986	1.21.3.3	Eukarya	1.21.3
P05326	1.21.3.1	Eukarya	1.21.3
P42593	1.3.1.34	Bacteria	1.3.1
Q06053	1.3.1.89	Eukarya	1.3.1
P51857	1.3.1.3	Eukarya	1.3.1
Q06063	1.3.1.90	Eukarya	1.3.1
P13653	1.3.1.33	Eukarya	1.3.1
P54616	1.3.1.9	Bacteria	1.3.1
P53004	1.3.1.24	Eukarya	1.3.1
O24990	1.3.1.9	Bacteria	1.3.1
Q12882	1.3.1.2	Eukarya	1.3.1
P46844	1.3.1.24	Eukarya	1.3.1
Q28943	1.3.1.2	Eukarya	1.3.1
Q01289	1.3.1.33	Eukarya	1.3.1
P47227	1.3.1.56	Bacteria	1.3.1
Q46381	1.3.1.56	Bacteria	1.3.1
P21218	1.3.1.33	Eukarya	1.3.1
Q42536	1.3.1.33	Eukarya	1.3.1
P24008	1.3.1.22	Eukarya	1.3.1
P31214	1.3.1.22	Eukarya	1.3.1
Q15392	1.3.1.72	Eukarya	1.3.1
P53759	1.3.1.88	Eukarya	1.3.1
P80030	1.3.1.9	Eukarya	1.3.1
O48741	1.3.1.33	Eukarya	1.3.1
P53720	1.3.1.91	Eukarya	1.3.1
P27505	1.3.3.11	Bacteria	1.3.3
P07872	1.3.3.6	Eukarya	1.3.3
P56601	1.3.3.4	Bacteria	1.3.3
Q15067	1.3.3.6	Eukarya	1.3.3
P50336	1.3.3.4	Eukarya	1.3.3
Q12737	1.3.3.5	Eukarya	1.3.3
P32397	1.3.3.4	Bacteria	1.3.3
P36551	1.3.3.3	Eukarya	1.3.3
P36553	1.3.3.3	Bacteria	1.3.3
O24164	1.3.3.4	Eukarya	1.3.3
P00363	1.3.5.4	Bacteria	1.3.5
P0A7E1	1.3.5.2	Bacteria	1.3.5
P21912	1.3.5.1	Eukarya	1.3.5
P32746	1.3.5.2	Eukarya	1.3.5
Q07356	1.3.5.5	Eukarya	1.3.5
Q63707	1.3.5.2	Eukarya	1.3.5
P26164	1.3.7.7	Bacteria	1.3.7
Q02189	1.3.7.2	Bacteria	1.3.7
P26163	1.3.7.7	Bacteria	1.3.7
Q9RFD6	1.3.7.7	Bacteria	1.3.7
P15651	1.3.8.1	Eukarya	1.3.8
P51174	1.3.8.8	Eukarya	1.3.8
P12007	1.3.8.4	Eukarya	1.3.8
Q60759	1.3.8.6	Eukarya	1.3.8
P26440	1.3.8.4	Eukarya	1.3.8
Q92947	1.3.8.6	Eukarya	1.3.8
P21685	1.3.99.31	Bacteria	1.3.99
Q51698	1.3.99.16	Bacteria	1.3.99
P17054	1.3.99.28	Bacteria	1.3.99
Q06401	1.3.99.4	Bacteria	1.3.99
Q51697	1.3.99.16	Bacteria	1.3.99
P04964	1.4.1.16	Bacteria	1.4.1
P80319	1.4.1.3	Archaea	1.4.1
P28997	1.4.1.2	Bacteria	1.4.1
P39633	1.4.1.2	Bacteria	1.4.1
P13154	1.4.1.9	Bacteria	1.4.1
P09832	1.4.1.13	Bacteria	1.4.1
P26443	1.4.1.3	Eukarya	1.4.1
P80053	1.4.1.3	Archaea	1.4.1
P09831	1.4.1.13	Bacteria	1.4.1
Q05755	1.4.1.13	Bacteria	1.4.1
P29051	1.4.1.2	Archaea	1.4.1
Q08352	1.4.1.1	Bacteria	1.4.1
Q05756	1.4.1.13	Bacteria	1.4.1
P49448	1.4.1.3	Eukarya	1.4.1
P00367	1.4.1.3	Eukarya	1.4.1
P00370	1.4.1.4	Bacteria	1.4.1
P24295	1.4.1.2	Bacteria	1.4.1
O59650	1.4.1.3	Archaea	1.4.1
O74024	1.4.1.3	Archaea	1.4.1
Q9Y4K0	1.4.3.13	Eukarya	1.4.3
P19643	1.4.3.4	Eukarya	1.4.3
P00371	1.4.3.3	Eukarya	1.4.3
P18894	1.4.3.3	Eukarya	1.4.3
O75106	1.4.3.21	Eukarya	1.4.3
Q16853	1.4.3.21	Eukarya	1.4.3
P28300	1.4.3.13	Eukarya	1.4.3
P80324	1.4.3.3	Eukarya	1.4.3
P56560	1.4.3.4	Eukarya	1.4.3
Q12556	1.4.3.22	Eukarya	1.4.3
P46883	1.4.3.21	Bacteria	1.4.3
O31616	1.4.3.19	Bacteria	1.4.3
Q43077	1.4.3.21	Eukarya	1.4.3
P46882	1.4.3.4	Eukarya	1.4.3
Q9TRC7	1.4.3.22	Eukarya	1.4.3
O09046	1.4.3.2	Eukarya	1.4.3
O08590	1.4.3.21	Eukarya	1.4.3
P21397	1.4.3.4	Eukarya	1.4.3
Q19564	1.4.3.1	Eukarya	1.4.3
P27338	1.4.3.4	Eukarya	1.4.3
P81383	1.4.3.2	Eukarya	1.4.3
P16636	1.4.3.13	Eukarya	1.4.3
P46881	1.4.3.21	Bacteria	1.4.3
P10902	1.4.3.16	Bacteria	1.4.3
P14920	1.4.3.3	Eukarya	1.4.3
P19801	1.4.3.22	Eukarya	1.4.3
P21396	1.4.3.4	Eukarya	1.4.3
Q64133	1.4.3.4	Eukarya	1.4.3
P24552	1.4.3.3	Eukarya	1.4.3
P12807	1.4.3.21	Eukarya	1.4.3
P15505	1.4.4.2	Eukarya	1.4.4
Q9ZNZ7	1.4.7.1	Eukarya	1.4.7
P23225	1.4.7.1	Eukarya	1.4.7
Q43155	1.4.7.1	Eukarya	1.4.7
Q9T0P4	1.4.7.1	Eukarya	1.4.7
P55038	1.4.7.1	Bacteria	1.4.7
P13955	1.5.1.3	Bacteria	1.5.1
Q01782	1.5.1.33	Eukarya	1.5.1
O75891	1.5.1.6	Eukarya	1.5.1
P42556	1.5.1.33	Eukarya	1.5.1
P00381	1.5.1.3	Bacteria	1.5.1
Q54801	1.5.1.3	Bacteria	1.5.1
P15093	1.5.1.3	Archaea	1.5.1
P28037	1.5.1.6	Eukarya	1.5.1
P42898	1.5.1.20	Eukarya	1.5.1
P00374	1.5.1.3	Eukarya	1.5.1
P09417	1.5.1.34	Eukarya	1.5.1
P00375	1.5.1.3	Eukarya	1.5.1
P32322	1.5.1.2	Eukarya	1.5.1
P00378	1.5.1.3	Eukarya	1.5.1
P0ABQ4	1.5.1.3	Bacteria	1.5.1
O80585	1.5.1.20	Eukarya	1.5.1
P0AEZ1	1.5.1.20	Bacteria	1.5.1
P53128	1.5.1.20	Eukarya	1.5.1
P38998	1.5.1.7	Eukarya	1.5.1
P80644	1.5.1.38	Bacteria	1.5.1
P00383	1.5.1.3	Bacteria	1.5.1
P17719	1.5.1.3	Eukarya	1.5.1
Q56691	1.5.1.38	Bacteria	1.5.1
Q10258	1.5.1.20	Eukarya	1.5.1
P16184	1.5.1.3	Eukarya	1.5.1
P40859	1.5.3.1	Bacteria	1.5.3
P50264	1.5.3.17	Eukarya	1.5.3
Q16134	1.5.5.1	Eukarya	1.5.5
Q63342	1.5.8.4	Eukarya	1.5.8
P94951	1.5.98.1	Archaea	1.5.98
Q57661	1.5.99.15	Archaea	1.5.99
P07001	1.6.1.2	Bacteria	1.6.1
Q13423	1.6.1.2	Eukarya	1.6.1
P16603	1.6.2.4	Eukarya	1.6.2
P00387	1.6.2.2	Eukarya	1.6.2
P16435	1.6.2.4	Eukarya	1.6.2
P20070	1.6.2.2	Eukarya	1.6.2
P00388	1.6.2.4	Eukarya	1.6.2
P39315	1.6.5.2	Bacteria	1.6.5
P38230	1.6.5.5	Eukarya	1.6.5
Q56589	1.6.5.8	Bacteria	1.6.5
Q56586	1.6.5.8	Bacteria	1.6.5
Q9KPS1	1.6.5.8	Bacteria	1.6.5
P05982	1.6.5.2	Eukarya	1.6.5
Q57095	1.6.5.8	Bacteria	1.6.5
Q64669	1.6.5.2	Eukarya	1.6.5
P32340	1.6.5.9	Eukarya	1.6.5
P15559	1.6.5.2	Eukarya	1.6.5
Q56584	1.6.5.8	Bacteria	1.6.5
Q9X4Q6	1.6.5.8	Bacteria	1.6.5
Q56587	1.6.5.8	Bacteria	1.6.5
Q9KPS2	1.6.5.8	Bacteria	1.6.5
Q9X4Q8	1.6.5.8	Bacteria	1.6.5
Q56582	1.6.5.8	Bacteria	1.6.5
Q9X4Q7	1.6.5.8	Bacteria	1.6.5
P26829	1.6.99.3	Bacteria	1.6.99
P49050	1.7.1.3	Eukarya	1.7.1
Q46920	1.7.1.13	Bacteria	1.7.1
P08619	1.7.1.3	Eukarya	1.7.1
P17571	1.7.1.1	Eukarya	1.7.1
P11035	1.7.1.1	Eukarya	1.7.1
Q51705	1.7.2.4	Bacteria	1.7.2
Q50925	1.7.2.6	Bacteria	1.7.2
P24474	1.7.2.1	Bacteria	1.7.2
O87948	1.7.2.3	Bacteria	1.7.2
P94127	1.7.2.4	Bacteria	1.7.2
P24040	1.7.2.1	Bacteria	1.7.2
P19573	1.7.2.4	Bacteria	1.7.2
P72181	1.7.2.1	Bacteria	1.7.2
P38501	1.7.2.1	Bacteria	1.7.2
P25006	1.7.2.1	Bacteria	1.7.2
Q00511	1.7.3.3	Eukarya	1.7.3
Q94734	1.7.6.1	Eukarya	1.7.6
P05314	1.7.7.1	Eukarya	1.7.7
P41921	1.8.1.7	Eukarya	1.8.1
Q04829	1.8.1.4	Archaea	1.8.1
P29509	1.8.1.9	Eukarya	1.8.1
P11959	1.8.1.4	Bacteria	1.8.1
P38038	1.8.1.2	Bacteria	1.8.1
P39051	1.8.1.12	Eukarya	1.8.1
P91938	1.8.1.9	Eukarya	1.8.1
P00390	1.8.1.7	Eukarya	1.8.1
P28593	1.8.1.12	Eukarya	1.8.1
P09623	1.8.1.4	Eukarya	1.8.1
P80461	1.8.1.7	Eukarya	1.8.1
Q39243	1.8.1.9	Eukarya	1.8.1
P09622	1.8.1.4	Eukarya	1.8.1
P55789	1.8.3.2	Eukarya	1.8.3
Q63042	1.8.3.2	Eukarya	1.8.3
P51687	1.8.3.1	Eukarya	1.8.3
Q12284	1.8.3.2	Eukarya	1.8.3
Q9UHG3	1.8.3.5	Eukarya	1.8.3
P27882	1.8.3.2	Eukarya	1.8.3
P17854	1.8.4.8	Bacteria	1.8.4
Q9UJ68	1.8.4.11	Eukarya	1.8.4
P54149	1.8.4.11	Eukarya	1.8.4
P54155	1.8.4.12	Bacteria	1.8.4
P54150	1.8.4.11	Eukarya	1.8.4
P76270	1.8.4.14	Bacteria	1.8.4
P18775	1.8.5.3	Bacteria	1.8.5
P41348	1.8.7.2	Eukarya	1.8.7
Q58280	1.8.98.3	Archaea	1.8.98
P00396	1.9.3.1	Eukarya	1.9.3
P98005	1.9.3.1	Bacteria	1.9.3
P08306	1.9.3.1	Bacteria	1.9.3
P98002	1.9.3.1	Bacteria	1.9.3
P00395	1.9.3.1	Eukarya	1.9.3
P80563	1.97.1.2	Bacteria	1.97.1
P80564	1.97.1.2	Bacteria	1.97.1
P09144	1.97.1.12	Eukarya	1.97.1
P32783	2.1.1.56	Eukarya	2.1.1
O58214	2.1.1.206	Archaea	2.1.1
P15565	2.1.1.216	Eukarya	2.1.1
P14385	2.1.1.72	Bacteria	2.1.1
P13009	2.1.1.13	Bacteria	2.1.1
P36979	2.1.1.192	Bacteria	2.1.1
Q9LEL5	2.1.1.116	Eukarya	2.1.1
O88508	2.1.1.37	Eukarya	2.1.1
P52391	2.1.1.230	Bacteria	2.1.1
Q58293	2.1.1.228	Archaea	2.1.1
P04043	2.1.1.72	Bacteria	2.1.1
P80653	2.1.1.86	Archaea	2.1.1
P25397	2.1.1.265	Bacteria	2.1.1
P14751	2.1.1.72	Bacteria	2.1.1
Q57880	2.1.1.256	Archaea	2.1.1
P37634	2.1.1.266	Bacteria	2.1.1
Q14353	2.1.1.2	Eukarya	2.1.1
P55135	2.1.1.190	Bacteria	2.1.1
P25582	2.1.1.167	Eukarya	2.1.1
P21964	2.1.1.6	Eukarya	2.1.1
O66479	2.1.1.33	Bacteria	2.1.1
Q93088	2.1.1.5	Eukarya	2.1.1
P75876	2.1.1.191	Bacteria	2.1.1
Q23270	2.1.1.216	Eukarya	2.1.1
Q9UYD1	2.1.1.206	Archaea	2.1.1
Q50539	2.1.1.245	Archaea	2.1.1
P26358	2.1.1.37	Eukarya	2.1.1
P25665	2.1.1.14	Bacteria	2.1.1
P0A873	2.1.1.228	Bacteria	2.1.1
P28002	2.1.1.68	Eukarya	2.1.1
P80654	2.1.1.86	Archaea	2.1.1
P80656	2.1.1.86	Archaea	2.1.1
P38793	2.1.1.228	Eukarya	2.1.1
Q9LEL6	2.1.1.128	Eukarya	2.1.1
Q08325	2.1.1.179	Bacteria	2.1.1
P42596	2.1.1.174	Bacteria	2.1.1
P53177	2.1.1.282	Eukarya	2.1.1
P12999	2.1.1.197	Bacteria	2.1.1
O67463	2.1.1.228	Bacteria	2.1.1
P25087	2.1.1.41	Eukarya	2.1.1
P45986	2.1.1.129	Eukarya	2.1.1
O09171	2.1.1.5	Eukarya	2.1.1
P26236	2.1.1.11	Bacteria	2.1.1
P54471	2.1.1.217	Bacteria	2.1.1
P06992	2.1.1.182	Bacteria	2.1.1
P46597	2.1.1.4	Eukarya	2.1.1
P75817	2.1.1.189	Bacteria	2.1.1
P51580	2.1.1.67	Eukarya	2.1.1
P49017	2.1.1.201	Eukarya	2.1.1
P75782	2.1.1.181	Bacteria	2.1.1
P32785	2.1.2.9	Eukarya	2.1.2
P23882	2.1.2.9	Bacteria	2.1.2
P31057	2.1.2.11	Bacteria	2.1.2
P07511	2.1.2.1	Eukarya	2.1.2
P34896	2.1.2.1	Eukarya	2.1.2
P48728	2.1.2.10	Eukarya	2.1.2
P0A786	2.1.3.2	Bacteria	2.1.3
Q51742	2.1.3.3	Archaea	2.1.3
O66726	2.1.3.2	Bacteria	2.1.3
P04391	2.1.3.3	Bacteria	2.1.3
Q55338	2.1.3.2	Archaea	2.1.3
Q48296	2.1.3.3	Archaea	2.1.3
P77918	2.1.3.2	Archaea	2.1.3
P05654	2.1.3.2	Bacteria	2.1.3
P00480	2.1.3.3	Eukarya	2.1.3
Q58976	2.1.3.2	Archaea	2.1.3
P50442	2.1.4.1	Eukarya	2.1.4
P50440	2.1.4.1	Eukarya	2.1.4
P08078	2.1.4.2	Bacteria	2.1.4
P12281	2.10.1.1	Bacteria	2.10.1
P33315	2.2.1.1	Eukarya	2.2.1
P27302	2.2.1.1	Bacteria	2.2.1
P77488	2.2.1.7	Bacteria	2.2.1
P23254	2.2.1.1	Eukarya	2.2.1
P51854	2.2.1.1	Eukarya	2.2.1
P23970	2.2.1.9	Bacteria	2.2.1
Q9WYD1	2.2.1.2	Bacteria	2.2.1
P15019	2.2.1.2	Eukarya	2.2.1
P17597	2.2.1.6	Eukarya	2.2.1
P33570	2.2.1.1	Bacteria	2.2.1
Q38854	2.2.1.7	Eukarya	2.2.1
P53228	2.2.1.2	Eukarya	2.2.1
P29401	2.2.1.1	Eukarya	2.2.1
P07342	2.2.1.6	Eukarya	2.2.1
Q57843	2.2.1.10	Archaea	2.2.1
P37251	2.2.1.6	Bacteria	2.2.1
P17109	2.2.1.9	Bacteria	2.2.1
P40142	2.2.1.1	Eukarya	2.2.1
P22367	2.3.1.165	Eukarya	2.3.1
P50295	2.3.1.5	Eukarya	2.3.1
P27796	2.3.1.16	Eukarya	2.3.1
P31717	2.3.1.97	Eukarya	2.3.1
P10515	2.3.1.12	Eukarya	2.3.1
P16426	2.3.1.183	Bacteria	2.3.1
P18886	2.3.1.21	Eukarya	2.3.1
P21348	2.3.1.101	Archaea	2.3.1
P10349	2.3.1.15	Eukarya	2.3.1
P80358	2.3.1.109	Bacteria	2.3.1
O70311	2.3.1.97	Eukarya	2.3.1
P22307	2.3.1.176	Eukarya	2.3.1
Q09472	2.3.1.48	Eukarya	2.3.1
O70310	2.3.1.97	Eukarya	2.3.1
P43155	2.3.1.7	Eukarya	2.3.1
Q92830	2.3.1.48	Eukarya	2.3.1
P13196	2.3.1.37	Eukarya	2.3.1
P77791	2.3.1.79	Bacteria	2.3.1
O88908	2.3.1.26	Eukarya	2.3.1
Q07510	2.3.1.180	Eukarya	2.3.1
P53629	2.3.1.26	Eukarya	2.3.1
Q02323	2.3.1.146	Eukarya	2.3.1
P19262	2.3.1.61	Eukarya	2.3.1
P32198	2.3.1.21	Eukarya	2.3.1
P30074	2.3.1.74	Eukarya	2.3.1
Q92523	2.3.1.21	Eukarya	2.3.1
Q49610	2.3.1.101	Archaea	2.3.1
O15270	2.3.1.50	Eukarya	2.3.1
P22567	2.3.1.1	Bacteria	2.3.1
Q49168	2.3.1.101	Archaea	2.3.1
P14743	2.3.1.97	Eukarya	2.3.1
P32020	2.3.1.176	Eukarya	2.3.1
P50294	2.3.1.5	Eukarya	2.3.1
P43886	2.3.1.30	Bacteria	2.3.1
P97564	2.3.1.15	Eukarya	2.3.1
P35610	2.3.1.26	Eukarya	2.3.1
P23786	2.3.1.21	Eukarya	2.3.1
P73283	2.3.1.179	Bacteria	2.3.1
P76562	2.3.1.193	Bacteria	2.3.1
P22557	2.3.1.37	Eukarya	2.3.1
O15269	2.3.1.50	Eukarya	2.3.1
P49327	2.3.1.85	Eukarya	2.3.1
O75907	2.3.1.20	Eukarya	2.3.1
P26841	2.3.1.28	Bacteria	2.3.1
O86309	2.3.1.5	Bacteria	2.3.1
P27988	2.3.1.169	Bacteria	2.3.1
Q57146	2.3.1.183	Bacteria	2.3.1
Q12053	2.3.1.221	Eukarya	2.3.1
P55301	2.3.1.101	Archaea	2.3.1
P11466	2.3.1.137	Eukarya	2.3.1
P21980	2.3.2.13	Eukarya	2.3.2
O95260	2.3.2.8	Eukarya	2.3.2
P81453	2.3.2.13	Bacteria	2.3.2
Q9Z2A5	2.3.2.8	Eukarya	2.3.2
Q08188	2.3.2.13	Eukarya	2.3.2
Q16769	2.3.2.5	Eukarya	2.3.2
P54869	2.3.3.10	Eukarya	2.3.3
P54839	2.3.3.10	Eukarya	2.3.3
P53396	2.3.3.8	Eukarya	2.3.3
Q01581	2.3.3.10	Eukarya	2.3.3
P54871	2.3.3.10	Eukarya	2.3.3
P54873	2.3.3.10	Eukarya	2.3.3
P20901	2.3.3.16	Bacteria	2.3.3
P54874	2.3.3.10	Eukarya	2.3.3
Q53554	2.3.3.16	Archaea	2.3.3
P21553	2.3.3.16	Archaea	2.3.3
P17425	2.3.3.10	Eukarya	2.3.3
P37330	2.3.3.9	Bacteria	2.3.3
P0ABH7	2.3.3.16	Bacteria	2.3.3
O75390	2.3.3.1	Eukarya	2.3.3
Q58595	2.3.3.13	Archaea	2.3.3
Q12122	2.3.3.14	Eukarya	2.3.3
P31660	2.3.3.5	Bacteria	2.3.3
Q56063	2.3.3.5	Bacteria	2.3.3
P54868	2.3.3.10	Eukarya	2.3.3
P48570	2.3.3.14	Eukarya	2.3.3
P23228	2.3.3.10	Eukarya	2.3.3
P42450	2.3.3.9	Bacteria	2.3.3
P80148	2.3.3.16	Archaea	2.3.3
P29465	2.4.1.16	Eukarya	2.4.1
Q92685	2.4.1.258	Eukarya	2.4.1
P13807	2.4.1.11	Eukarya	2.4.1
P47190	2.4.1.109	Eukarya	2.4.1
Q00764	2.4.1.15	Eukarya	2.4.1
Q00973	2.4.1.92	Eukarya	2.4.1
P26827	2.4.1.19	Bacteria	2.4.1
Q09326	2.4.1.143	Eukarya	2.4.1
P35503	2.4.1.17	Eukarya	2.4.1
P14020	2.4.1.83	Eukarya	2.4.1
P31922	2.4.1.13	Eukarya	2.4.1
P04830	2.4.1.19	Bacteria	2.4.1
P49040	2.4.1.13	Eukarya	2.4.1
O66937	2.4.1.25	Bacteria	2.4.1
P08541	2.4.1.17	Eukarya	2.4.1
P36537	2.4.1.17	Eukarya	2.4.1
P40351	2.4.1.265	Eukarya	2.4.1
Q9P2W7	2.4.1.135	Eukarya	2.4.1
P46976	2.4.1.186	Eukarya	2.4.1
Q02527	2.4.1.144	Eukarya	2.4.1
P24806	2.4.1.207	Eukarya	2.4.1
Q59266	2.4.1.25	Bacteria	2.4.1
P46971	2.4.1.109	Eukarya	2.4.1
P30921	2.4.1.19	Bacteria	2.4.1
Q16739	2.4.1.80	Eukarya	2.4.1
P22310	2.4.1.17	Eukarya	2.4.1
P27115	2.4.1.101	Eukarya	2.4.1
P17443	2.4.1.227	Bacteria	2.4.1
P05618	2.4.1.19	Bacteria	2.4.1
P33775	2.4.1.109	Eukarya	2.4.1
P36511	2.4.1.17	Eukarya	2.4.1
O15294	2.4.1.255	Eukarya	2.4.1
P51094	2.4.1.115	Eukarya	2.4.1
Q01330	2.4.1.276	Bacteria	2.4.1
O08912	2.4.1.41	Eukarya	2.4.1
P53178	2.4.1.141	Eukarya	2.4.1
Q01401	2.4.1.18	Eukarya	2.4.1
P30920	2.4.1.19	Bacteria	2.4.1
P06133	2.4.1.17	Eukarya	2.4.1
Q9SD76	2.4.1.1	Eukarya	2.4.1
P19449	2.4.1.12	Bacteria	2.4.1
P53730	2.4.1.260	Eukarya	2.4.1
O13898	2.4.1.109	Eukarya	2.4.1
Q09200	2.4.1.92	Eukarya	2.4.1
P30538	2.4.1.18	Bacteria	2.4.1
P16662	2.4.1.17	Eukarya	2.4.1
O94766	2.4.1.135	Eukarya	2.4.1
P08430	2.4.1.17	Eukarya	2.4.1
P38179	2.4.1.258	Eukarya	2.4.1
P17692	2.4.1.19	Bacteria	2.4.1
P43490	2.4.2.12	Eukarya	2.4.2
P00491	2.4.2.1	Eukarya	2.4.2
P70881	2.4.2.9	Bacteria	2.4.2
P76473	2.4.2.43	Bacteria	2.4.2
O25909	2.4.2.19	Bacteria	2.4.2
P46354	2.4.2.1	Bacteria	2.4.2
P12758	2.4.2.3	Bacteria	2.4.2
P00497	2.4.2.14	Bacteria	2.4.2
P0AG16	2.4.2.14	Bacteria	2.4.2
Q05603	2.4.2.21	Bacteria	2.4.2
O34925	2.4.2.1	Bacteria	2.4.2
Q26998	2.4.2.9	Eukarya	2.4.2
P29935	2.4.2.21	Bacteria	2.4.2
P42085	2.4.2.22	Bacteria	2.4.2
Q9UGN5	2.4.2.30	Eukarya	2.4.2
Q9LDH0	2.4.2.38	Eukarya	2.4.2
P43619	2.4.2.19	Eukarya	2.4.2
P28720	2.4.2.29	Bacteria	2.4.2
P13298	2.4.2.10	Eukarya	2.4.2
P07650	2.4.2.4	Bacteria	2.4.2
P45563	2.4.2.1	Bacteria	2.4.2
P11439	2.4.2.36	Bacteria	2.4.2
O28190	2.4.2.54	Archaea	2.4.2
Q9Y6F1	2.4.2.30	Eukarya	2.4.2
P50384	2.4.2.18	Archaea	2.4.2
Q13126	2.4.2.28	Eukarya	2.4.2
P55859	2.4.2.1	Eukarya	2.4.2
P19971	2.4.2.4	Eukarya	2.4.2
Q05788	2.4.2.1	Eukarya	2.4.2
P39142	2.4.2.2	Bacteria	2.4.2
Q15274	2.4.2.19	Eukarya	2.4.2
P0A9M5	2.4.2.22	Bacteria	2.4.2
Q9UKK3	2.4.2.30	Eukarya	2.4.2
P00492	2.4.2.8	Eukarya	2.4.2
P09874	2.4.2.30	Eukarya	2.4.2
Q16831	2.4.2.3	Eukarya	2.4.2
Q57878	2.4.2.48	Archaea	2.4.2
P81989	2.4.2.1	Bacteria	2.4.2
Q58822	2.4.2.54	Archaea	2.4.2
Q03723	2.4.99.18	Eukarya	2.4.99
Q11203	2.4.99.6	Eukarya	2.4.99
Q64687	2.4.99.8	Eukarya	2.4.99
Q02795	2.4.99.18	Eukarya	2.4.99
Q9WZ44	2.4.99.17	Bacteria	2.4.99
P41543	2.4.99.18	Eukarya	2.4.99
Q02734	2.4.99.6	Eukarya	2.4.99
P48439	2.4.99.18	Eukarya	2.4.99
P54751	2.4.99.4	Eukarya	2.4.99
P13721	2.4.99.1	Eukarya	2.4.99
P15907	2.4.99.1	Eukarya	2.4.99
Q99380	2.4.99.18	Eukarya	2.4.99
P44806	2.4.99.12	Bacteria	2.4.99
P39007	2.4.99.18	Eukarya	2.4.99
P33767	2.4.99.18	Eukarya	2.4.99
Q92185	2.4.99.8	Eukarya	2.4.99
Q92316	2.4.99.18	Eukarya	2.4.99
O32054	2.4.99.17	Bacteria	2.4.99
Q64685	2.4.99.1	Eukarya	2.4.99
P46964	2.4.99.18	Eukarya	2.4.99
P22907	2.5.1.61	Eukarya	2.5.1
P08515	2.5.1.18	Eukarya	2.5.1
Q59072	2.5.1.73	Archaea	2.5.1
P16703	2.5.1.47	Bacteria	2.5.1
P33038	2.5.1.7	Bacteria	2.5.1
P53611	2.5.1.60	Eukarya	2.5.1
Q96551	2.5.1.6	Eukarya	2.5.1
P46419	2.5.1.18	Eukarya	2.5.1
P31570	2.5.1.17	Bacteria	2.5.1
P45741	2.5.1.2	Bacteria	2.5.1
P39464	2.5.1.29	Archaea	2.5.1
P08011	2.5.1.18	Eukarya	2.5.1
P30711	2.5.1.18	Eukarya	2.5.1
P53799	2.5.1.21	Eukarya	2.5.1
P21266	2.5.1.18	Eukarya	2.5.1
O82827	2.5.1.31	Bacteria	2.5.1
P49365	2.5.1.46	Eukarya	2.5.1
P29930	2.5.1.17	Bacteria	2.5.1
P50861	2.5.1.78	Eukarya	2.5.1
P32166	2.5.1.74	Bacteria	2.5.1
O15217	2.5.1.18	Eukarya	2.5.1
Q9ZFK4	2.5.1.55	Bacteria	2.5.1
Q08291	2.5.1.10	Bacteria	2.5.1
P32378	2.5.1.39	Eukarya	2.5.1
P81065	2.5.1.18	Bacteria	2.5.1
P19157	2.5.1.18	Eukarya	2.5.1
P0AB91	2.5.1.54	Bacteria	2.5.1
P31153	2.5.1.6	Eukarya	2.5.1
P55217	2.5.1.48	Eukarya	2.5.1
P13444	2.5.1.6	Eukarya	2.5.1
P52788	2.5.1.22	Eukarya	2.5.1
P14324	2.5.1.10	Eukarya	2.5.1
Q02293	2.5.1.58	Eukarya	2.5.1
Q59587	2.5.1.9	Archaea	2.5.1
Q9R4E4	2.5.1.19	Bacteria	2.5.1
P46439	2.5.1.18	Eukarya	2.5.1
P44916	2.5.1.90	Bacteria	2.5.1
P04904	2.5.1.18	Eukarya	2.5.1
Q58826	2.5.1.77	Archaea	2.5.1
P45251	2.5.1.55	Bacteria	2.5.1
P04903	2.5.1.18	Eukarya	2.5.1
Q9S400	2.5.1.19	Bacteria	2.5.1
P56598	2.5.1.18	Eukarya	2.5.1
P08524	2.5.1.10	Eukarya	2.5.1
P47998	2.5.1.47	Eukarya	2.5.1
P0A817	2.5.1.6	Bacteria	2.5.1
P32461	2.5.1.108	Eukarya	2.5.1
P46436	2.5.1.18	Eukarya	2.5.1
Q57888	2.5.1.77	Archaea	2.5.1
O05701	2.5.1.15	Bacteria	2.5.1
Q06210	2.6.1.16	Eukarya	2.6.1
P53555	2.6.1.105	Bacteria	2.6.1
P33447	2.6.1.5	Eukarya	2.6.1
P80147	2.6.1.19	Eukarya	2.6.1
P52894	2.6.1.2	Eukarya	2.6.1
P77806	2.6.1.88	Bacteria	2.6.1
O52250	2.6.1.76	Bacteria	2.6.1
P52878	2.6.1.52	Archaea	2.6.1
P0AB80	2.6.1.42	Bacteria	2.6.1
P38840	2.6.1.57	Eukarya	2.6.1
P50554	2.6.1.19	Eukarya	2.6.1
P47039	2.6.1.7	Eukarya	2.6.1
O15382	2.6.1.42	Eukarya	2.6.1
P04694	2.6.1.5	Eukarya	2.6.1
P12995	2.6.1.62	Bacteria	2.6.1
P04182	2.6.1.13	Eukarya	2.6.1
P54687	2.6.1.42	Eukarya	2.6.1
P42588	2.6.1.82	Bacteria	2.6.1
P05041	2.6.1.85	Bacteria	2.6.1
P95468	2.6.1.57	Bacteria	2.6.1
P17169	2.6.1.16	Bacteria	2.6.1
P43567	2.6.1.44	Eukarya	2.6.1
P47176	2.6.1.42	Eukarya	2.6.1
Q56232	2.6.1.1	Bacteria	2.6.1
P29758	2.6.1.13	Eukarya	2.6.1
O13837	2.6.1.19	Eukarya	2.6.1
P00509	2.6.1.1	Bacteria	2.6.1
P04181	2.6.1.13	Eukarya	2.6.1
Q9Y617	2.6.1.52	Eukarya	2.6.1
P14909	2.6.1.1	Archaea	2.6.1
Q96255	2.6.1.52	Eukarya	2.6.1
P53704	2.6.1.16	Eukarya	2.6.1
P28820	2.6.1.85	Bacteria	2.6.1
O14370	2.6.1.42	Eukarya	2.6.1
P22256	2.6.1.19	Bacteria	2.6.1
P19938	2.6.1.21	Bacteria	2.6.1
P17649	2.6.1.19	Eukarya	2.6.1
P77690	2.6.1.87	Bacteria	2.6.1
P38891	2.6.1.42	Eukarya	2.6.1
P06986	2.6.1.9	Bacteria	2.6.1
Q59196	2.6.1.52	Bacteria	2.6.1
P04184	2.7.1.21	Eukarya	2.7.1
P22543	2.7.1.137	Eukarya	2.7.1
P19367	2.7.1.1	Eukarya	2.7.1
P00557	2.7.1.163	Bacteria	2.7.1
Q9TVW2	2.7.1.20	Eukarya	2.7.1
P04806	2.7.1.1	Eukarya	2.7.1
Q9R008	2.7.1.36	Eukarya	2.7.1
O86224	2.7.1.166	Bacteria	2.7.1
P42335	2.7.1.127	Eukarya	2.7.1
Q9LZG0	2.7.1.20	Eukarya	2.7.1
P00512	2.7.1.11	Bacteria	2.7.1
P54495	2.7.1.2	Bacteria	2.7.1
P27158	2.7.1.21	Eukarya	2.7.1
Q9JIA7	2.7.1.91	Eukarya	2.7.1
P27707	2.7.1.74	Eukarya	2.7.1
O58877	2.7.1.50	Archaea	2.7.1
Q02499	2.7.1.40	Bacteria	2.7.1
P43346	2.7.1.74	Eukarya	2.7.1
P75070	2.7.1.21	Bacteria	2.7.1
P82197	2.7.1.35	Eukarya	2.7.1
Q60365	2.7.1.161	Archaea	2.7.1
O58801	2.7.1.23	Archaea	2.7.1
P55264	2.7.1.20	Eukarya	2.7.1
Q9HBU6	2.7.1.82	Eukarya	2.7.1
Q58504	2.7.1.39	Archaea	2.7.1
Q9NRA0	2.7.1.91	Eukarya	2.7.1
O05510	2.7.1.4	Bacteria	2.7.1
O08560	2.7.1.107	Eukarya	2.7.1
P33284	2.7.1.1	Eukarya	2.7.1
P20048	2.7.1.108	Eukarya	2.7.1
Q9R088	2.7.1.21	Eukarya	2.7.1
Q43295	2.7.1.25	Eukarya	2.7.1
P52429	2.7.1.107	Eukarya	2.7.1
P0A9J6	2.7.1.15	Bacteria	2.7.1
Q9SF85	2.7.1.20	Eukarya	2.7.1
Q01415	2.7.1.157	Eukarya	2.7.1
Q03426	2.7.1.36	Eukarya	2.7.1
P0ABN1	2.7.1.107	Bacteria	2.7.1
Q13574	2.7.1.107	Eukarya	2.7.1
Q42525	2.7.1.1	Eukarya	2.7.1
P09099	2.7.1.17	Bacteria	2.7.1
P06999	2.7.1.11	Bacteria	2.7.1
P27987	2.7.1.127	Eukarya	2.7.1
P23524	2.7.1.165	Bacteria	2.7.1
P51570	2.7.1.6	Eukarya	2.7.1
P35790	2.7.1.32	Eukarya	2.7.1
Q9L1L8	2.7.1.11	Bacteria	2.7.1
Q9Z1T6	2.7.1.150	Eukarya	2.7.1
P30235	2.7.1.83	Bacteria	2.7.1
P55263	2.7.1.20	Eukarya	2.7.1
P06239	2.7.10.2	Eukarya	2.7.10
P35968	2.7.10.1	Eukarya	2.7.10
P08922	2.7.10.1	Eukarya	2.7.10
P17948	2.7.10.1	Eukarya	2.7.10
P07948	2.7.10.2	Eukarya	2.7.10
Q62190	2.7.10.1	Eukarya	2.7.10
P00528	2.7.10.2	Eukarya	2.7.10
P51451	2.7.10.2	Eukarya	2.7.10
P22607	2.7.10.1	Eukarya	2.7.10
Q03145	2.7.10.1	Eukarya	2.7.10
Q02858	2.7.10.1	Eukarya	2.7.10
Q16288	2.7.10.1	Eukarya	2.7.10
P05532	2.7.10.1	Eukarya	2.7.10
P03949	2.7.10.2	Eukarya	2.7.10
P29317	2.7.10.1	Eukarya	2.7.10
P54753	2.7.10.1	Eukarya	2.7.10
Q00993	2.7.10.1	Eukarya	2.7.10
P36888	2.7.10.1	Eukarya	2.7.10
O09127	2.7.10.1	Eukarya	2.7.10
P22455	2.7.10.1	Eukarya	2.7.10
P55146	2.7.10.1	Eukarya	2.7.10
P35590	2.7.10.1	Eukarya	2.7.10
P35916	2.7.10.1	Eukarya	2.7.10
P55144	2.7.10.1	Eukarya	2.7.10
P24604	2.7.10.2	Eukarya	2.7.10
P21803	2.7.10.1	Eukarya	2.7.10
P29318	2.7.10.1	Eukarya	2.7.10
Q04589	2.7.10.1	Eukarya	2.7.10
P54762	2.7.10.1	Eukarya	2.7.10
Q08345	2.7.10.1	Eukarya	2.7.10
Q04736	2.7.10.2	Eukarya	2.7.10
Q62371	2.7.10.1	Eukarya	2.7.10
P41242	2.7.10.2	Eukarya	2.7.10
P08103	2.7.10.2	Eukarya	2.7.10
P54759	2.7.10.1	Eukarya	2.7.10
P48025	2.7.10.2	Eukarya	2.7.10
P11362	2.7.10.1	Eukarya	2.7.10
Q14289	2.7.10.2	Eukarya	2.7.10
P06240	2.7.10.2	Eukarya	2.7.10
Q91044	2.7.10.1	Eukarya	2.7.10
P07332	2.7.10.2	Eukarya	2.7.10
P08069	2.7.10.1	Eukarya	2.7.10
Q9R117	2.7.10.2	Eukarya	2.7.10
P42679	2.7.10.2	Eukarya	2.7.10
Q64725	2.7.10.2	Eukarya	2.7.10
Q07407	2.7.10.1	Eukarya	2.7.10
P21860	2.7.10.1	Eukarya	2.7.10
P54350	2.7.10.2	Eukarya	2.7.10
Q60751	2.7.10.1	Eukarya	2.7.10
P42681	2.7.10.2	Eukarya	2.7.10
P47197	2.7.11.1	Eukarya	2.7.11
P48729	2.7.11.1	Eukarya	2.7.11
Q39024	2.7.11.24	Eukarya	2.7.11
O35831	2.7.11.22	Eukarya	2.7.11
P40417	2.7.11.24	Eukarya	2.7.11
O70293	2.7.11.16	Eukarya	2.7.11
P32328	2.7.11.1	Eukarya	2.7.11
P08458	2.7.11.1	Eukarya	2.7.11
Q9UPE1	2.7.11.1	Eukarya	2.7.11
P05696	2.7.11.13	Eukarya	2.7.11
P11275	2.7.11.17	Eukarya	2.7.11
O75716	2.7.11.1	Eukarya	2.7.11
O70589	2.7.11.1	Eukarya	2.7.11
O96017	2.7.11.1	Eukarya	2.7.11
P29294	2.7.11.18	Eukarya	2.7.11
Q39021	2.7.11.24	Eukarya	2.7.11
Q15759	2.7.11.24	Eukarya	2.7.11
Q91604	2.7.11.1	Eukarya	2.7.11
O15075	2.7.11.1	Eukarya	2.7.11
P23291	2.7.11.1	Eukarya	2.7.11
P18961	2.7.11.1	Eukarya	2.7.11
P53682	2.7.11.1	Eukarya	2.7.11
O88351	2.7.11.10	Eukarya	2.7.11
O00141	2.7.11.1	Eukarya	2.7.11
P28829	2.7.11.25	Eukarya	2.7.11
P29295	2.7.11.1	Eukarya	2.7.11
Q07538	2.7.11.1	Eukarya	2.7.11
Q28824	2.7.11.18	Eukarya	2.7.11
Q16513	2.7.11.13	Eukarya	2.7.11
Q15418	2.7.11.1	Eukarya	2.7.11
P22211	2.7.11.1	Eukarya	2.7.11
Q63651	2.7.11.14	Eukarya	2.7.11
Q13554	2.7.11.17	Eukarya	2.7.11
P41743	2.7.11.13	Eukarya	2.7.11
P50528	2.7.11.21	Eukarya	2.7.11
P41808	2.7.11.24	Eukarya	2.7.11
Q38997	2.7.11.1	Eukarya	2.7.11
Q9Z0H0	2.7.11.1	Eukarya	2.7.11
P48609	2.7.11.22	Eukarya	2.7.11
P34208	2.7.11.1	Eukarya	2.7.11
P40376	2.7.11.11	Eukarya	2.7.11
P11792	2.7.11.1	Eukarya	2.7.11
P05986	2.7.11.11	Eukarya	2.7.11
P50582	2.7.11.1	Eukarya	2.7.11
P07934	2.7.11.19	Eukarya	2.7.11
Q15131	2.7.11.22	Eukarya	2.7.11
P11801	2.7.11.1	Eukarya	2.7.11
Q9WVC6	2.7.11.1	Eukarya	2.7.11
O13310	2.7.11.1	Eukarya	2.7.11
P36583	2.7.11.13	Eukarya	2.7.11
Q10156	2.7.12.1	Eukarya	2.7.12
P06784	2.7.12.2	Eukarya	2.7.12
P10506	2.7.12.2	Eukarya	2.7.12
Q9Y463	2.7.12.1	Eukarya	2.7.12
P08018	2.7.12.2	Eukarya	2.7.12
P52564	2.7.12.2	Eukarya	2.7.12
O35491	2.7.12.1	Eukarya	2.7.12
Q63980	2.7.12.2	Eukarya	2.7.12
Q63932	2.7.12.2	Eukarya	2.7.12
Q61214	2.7.12.1	Eukarya	2.7.12
Q23977	2.7.12.2	Eukarya	2.7.12
P49760	2.7.12.1	Eukarya	2.7.12
O43781	2.7.12.1	Eukarya	2.7.12
Q92630	2.7.12.1	Eukarya	2.7.12
P36507	2.7.12.2	Eukarya	2.7.12
O35493	2.7.12.1	Eukarya	2.7.12
P32350	2.7.12.1	Eukarya	2.7.12
P33981	2.7.12.1	Eukarya	2.7.12
P45985	2.7.12.2	Eukarya	2.7.12
P22518	2.7.12.1	Eukarya	2.7.12
P49759	2.7.12.1	Eukarya	2.7.12
P35761	2.7.12.1	Eukarya	2.7.12
P14680	2.7.12.1	Eukarya	2.7.12
O09110	2.7.12.2	Eukarya	2.7.12
P33886	2.7.12.2	Eukarya	2.7.12
P46734	2.7.12.2	Eukarya	2.7.12
Q05116	2.7.12.2	Eukarya	2.7.12
P51567	2.7.12.1	Eukarya	2.7.12
P32490	2.7.12.2	Eukarya	2.7.12
P70236	2.7.12.2	Eukarya	2.7.12
P22216	2.7.12.1	Eukarya	2.7.12
O35492	2.7.12.1	Eukarya	2.7.12
Q13163	2.7.12.2	Eukarya	2.7.12
P32491	2.7.12.2	Eukarya	2.7.12
O14733	2.7.12.2	Eukarya	2.7.12
P49761	2.7.12.1	Eukarya	2.7.12
Q9Z188	2.7.12.1	Eukarya	2.7.12
Q02750	2.7.12.2	Eukarya	2.7.12
P23545	2.7.13.3	Bacteria	2.7.13
P18392	2.7.13.3	Bacteria	2.7.13
P30844	2.7.13.3	Bacteria	2.7.13
Q56310	2.7.13.3	Bacteria	2.7.13
P27896	2.7.13.3	Bacteria	2.7.13
P45336	2.7.13.3	Bacteria	2.7.13
Q9RZA4	2.7.13.3	Bacteria	2.7.13
P40719	2.7.13.3	Bacteria	2.7.13
P18769	2.7.13.3	Bacteria	2.7.13
P08401	2.7.13.3	Bacteria	2.7.13
P13633	2.7.13.3	Bacteria	2.7.13
P16575	2.7.13.3	Bacteria	2.7.13
P77485	2.7.13.3	Bacteria	2.7.13
P09384	2.7.13.3	Bacteria	2.7.13
P49333	2.7.13.3	Eukarya	2.7.13
P29072	2.7.13.3	Bacteria	2.7.13
P37433	2.7.13.3	Bacteria	2.7.13
P39453	2.7.13.3	Bacteria	2.7.13
Q04804	2.7.13.3	Bacteria	2.7.13
Q9HWR3	2.7.13.3	Bacteria	2.7.13
Q52880	2.7.13.3	Bacteria	2.7.13
P10799	2.7.13.3	Bacteria	2.7.13
P39664	2.7.13.3	Bacteria	2.7.13
P30855	2.7.13.3	Bacteria	2.7.13
P14377	2.7.13.3	Bacteria	2.7.13
P21865	2.7.13.3	Bacteria	2.7.13
P35164	2.7.13.3	Bacteria	2.7.13
P30847	2.7.13.3	Bacteria	2.7.13
P08400	2.7.13.3	Bacteria	2.7.13
P23222	2.7.13.3	Bacteria	2.7.13
Q55168	2.7.13.3	Bacteria	2.7.13
P07363	2.7.13.3	Bacteria	2.7.13
P10955	2.7.13.3	Bacteria	2.7.13
P77510	2.7.13.3	Bacteria	2.7.13
P0AEJ4	2.7.13.3	Bacteria	2.7.13
P36557	2.7.13.3	Bacteria	2.7.13
P52687	2.7.13.3	Bacteria	2.7.13
P16497	2.7.13.3	Bacteria	2.7.13
P39928	2.7.13.3	Eukarya	2.7.13
O06961	2.7.2.15	Bacteria	2.7.2
Q9WYB1	2.7.2.1	Bacteria	2.7.2
P10869	2.7.2.4	Eukarya	2.7.2
P32264	2.7.2.11	Eukarya	2.7.2
P09411	2.7.2.3	Eukarya	2.7.2
P07378	2.7.2.3	Eukarya	2.7.2
P95474	2.7.2.2	Archaea	2.7.2
P00560	2.7.2.3	Eukarya	2.7.2
P38502	2.7.2.1	Archaea	2.7.2
P09041	2.7.2.3	Eukarya	2.7.2
P0A7B5	2.7.2.11	Bacteria	2.7.2
Q57991	2.7.2.4	Archaea	2.7.2
Q9X278	2.7.2.7	Bacteria	2.7.2
P27362	2.7.2.3	Eukarya	2.7.2
P18912	2.7.2.3	Bacteria	2.7.2
P26512	2.7.2.4	Bacteria	2.7.2
Q9X2A4	2.7.2.8	Bacteria	2.7.2
P16641	2.7.3.4	Eukarya	2.7.3
P51545	2.7.3.3	Eukarya	2.7.3
P08839	2.7.3.9	Bacteria	2.7.3
O15992	2.7.3.3	Eukarya	2.7.3
P11009	2.7.3.2	Eukarya	2.7.3
P23533	2.7.3.9	Bacteria	2.7.3
P51183	2.7.3.9	Bacteria	2.7.3
P08838	2.7.3.9	Bacteria	2.7.3
P00563	2.7.3.2	Eukarya	2.7.3
P12277	2.7.3.2	Eukarya	2.7.3
P06732	2.7.3.2	Eukarya	2.7.3
P51541	2.7.3.3	Eukarya	2.7.3
P12532	2.7.3.2	Eukarya	2.7.3
O00746	2.7.4.6	Eukarya	2.7.4
P43410	2.7.4.3	Archaea	2.7.4
P22887	2.7.4.6	Eukarya	2.7.4
Q16774	2.7.4.8	Eukarya	2.7.4
Q9UX83	2.7.4.3	Archaea	2.7.4
P43409	2.7.4.3	Archaea	2.7.4
Q15126	2.7.4.2	Eukarya	2.7.4
P47923	2.7.4.6	Eukarya	2.7.4
P69441	2.7.4.3	Bacteria	2.7.4
O31749	2.7.4.22	Bacteria	2.7.4
O66490	2.7.4.3	Bacteria	2.7.4
P43411	2.7.4.3	Archaea	2.7.4
O04905	2.7.4.14	Eukarya	2.7.4
Q64520	2.7.4.8	Eukarya	2.7.4
P16304	2.7.4.3	Bacteria	2.7.4
P15531	2.7.4.6	Eukarya	2.7.4
P56106	2.7.4.22	Bacteria	2.7.4
O82514	2.7.4.3	Eukarya	2.7.4
Q58661	2.7.4.6	Archaea	2.7.4
Q9Y3D8	2.7.4.3	Eukarya	2.7.4
P20425	2.7.4.14	Eukarya	2.7.4
Q07661	2.7.4.6	Eukarya	2.7.4
O64903	2.7.4.6	Eukarya	2.7.4
P15454	2.7.4.8	Eukarya	2.7.4
P55881	2.7.4.16	Bacteria	2.7.4
Q9HZN8	2.7.4.9	Bacteria	2.7.4
P35028	2.7.4.3	Archaea	2.7.4
Q60352	2.7.4.26	Archaea	2.7.4
P43408	2.7.4.3	Archaea	2.7.4
P87355	2.7.4.6	Eukarya	2.7.4
P23919	2.7.4.9	Eukarya	2.7.4
P30085	2.7.4.14	Eukarya	2.7.4
P26281	2.7.6.3	Bacteria	2.7.6
P30636	2.7.6.2	Eukarya	2.7.6
Q29599	2.7.7.84	Eukarya	2.7.7
P32579	2.7.7.87	Eukarya	2.7.7
P27623	2.7.7.39	Bacteria	2.7.7
P44490	2.7.7.38	Bacteria	2.7.7
Q16851	2.7.7.9	Eukarya	2.7.7
P06526	2.7.7.31	Eukarya	2.7.7
P95690	2.7.7.7	Archaea	2.7.7
Q58517	2.7.7.62	Archaea	2.7.7
P53215	2.7.7.79	Eukarya	2.7.7
P39669	2.7.7.27	Bacteria	2.7.7
P15280	2.7.7.27	Eukarya	2.7.7
P98191	2.7.7.41	Eukarya	2.7.7
P29468	2.7.7.19	Eukarya	2.7.7
O26010	2.7.7.3	Bacteria	2.7.7
P55241	2.7.7.27	Eukarya	2.7.7
P19821	2.7.7.7	Bacteria	2.7.7
O74933	2.7.7.23	Eukarya	2.7.7
Q9V2F4	2.7.7.7	Archaea	2.7.7
P25500	2.7.7.19	Eukarya	2.7.7
O28126	2.7.7.72	Archaea	2.7.7
O64765	2.7.7.23	Eukarya	2.7.7
P38913	2.7.7.2	Eukarya	2.7.7
P43123	2.7.7.23	Eukarya	2.7.7
Q12650	2.7.7.4	Eukarya	2.7.7
P0A6V1	2.7.7.27	Bacteria	2.7.7
Q9UHN1	2.7.7.7	Eukarya	2.7.7
P05055	2.7.7.8	Bacteria	2.7.7
Q980R2	2.7.7.6	Archaea	2.7.7
P39466	2.7.7.6	Archaea	2.7.7
P54455	2.7.7.18	Bacteria	2.7.7
P09148	2.7.7.12	Bacteria	2.7.7
Q46893	2.7.7.60	Bacteria	2.7.7
P09838	2.7.7.31	Eukarya	2.7.7
P81409	2.7.7.7	Archaea	2.7.7
O57861	2.7.7.7	Archaea	2.7.7
Q9XDH5	2.7.7.7	Bacteria	2.7.7
P00582	2.7.7.7	Bacteria	2.7.7
O66914	2.7.7.38	Bacteria	2.7.7
Q9UTN3	2.7.7.19	Eukarya	2.7.7
Q03249	2.7.7.12	Eukarya	2.7.7
P39153	2.7.7.87	Bacteria	2.7.7
P42216	2.7.7.38	Bacteria	2.7.7
P23509	2.7.7.27	Eukarya	2.7.7
P07902	2.7.7.12	Eukarya	2.7.7
P36594	2.7.7.6	Eukarya	2.7.7
P08536	2.7.7.4	Eukarya	2.7.7
P30138	2.7.7.73	Bacteria	2.7.7
P13382	2.7.7.7	Eukarya	2.7.7
P45748	2.7.7.87	Bacteria	2.7.7
Q57961	2.7.7.1	Archaea	2.7.7
P24224	2.7.8.7	Bacteria	2.7.8
O14735	2.7.8.11	Eukarya	2.7.8
P23830	2.7.8.8	Bacteria	2.7.8
Q39735	2.7.9.1	Eukarya	2.7.9
P42850	2.7.9.2	Archaea	2.7.9
P11155	2.7.9.1	Eukarya	2.7.9
P49903	2.7.9.3	Eukarya	2.7.9
P22983	2.7.9.1	Bacteria	2.7.9
P23538	2.7.9.2	Bacteria	2.7.9
Q39734	2.7.9.1	Eukarya	2.7.9
P16456	2.7.9.3	Bacteria	2.7.9
O29689	2.8.1.7	Archaea	2.8.1
P30749	2.8.1.12	Bacteria	2.8.1
O31618	2.8.1.10	Bacteria	2.8.1
Q55793	2.8.1.7	Bacteria	2.8.1
P25325	2.8.1.2	Eukarya	2.8.1
P31142	2.8.1.2	Bacteria	2.8.1
P52197	2.8.1.1	Bacteria	2.8.1
Q9Z1J3	2.8.1.7	Eukarya	2.8.1
P30139	2.8.1.10	Bacteria	2.8.1
P12996	2.8.1.6	Bacteria	2.8.1
P97532	2.8.1.2	Eukarya	2.8.1
P00586	2.8.1.1	Eukarya	2.8.1
P49888	2.8.2.4	Eukarya	2.8.2
Q92179	2.8.2.17	Eukarya	2.8.2
P19217	2.8.2.4	Eukarya	2.8.2
O60704	2.8.2.20	Eukarya	2.8.2
P50227	2.8.2.1	Eukarya	2.8.2
Q02353	2.8.2.8	Eukarya	2.8.2
P17988	2.8.2.1	Eukarya	2.8.2
P22789	2.8.2.2	Eukarya	2.8.2
P52850	2.8.2.8	Eukarya	2.8.2
P50225	2.8.2.1	Eukarya	2.8.2
P76458	2.8.3.8	Bacteria	2.8.3
Q01103	2.8.3.6	Bacteria	2.8.3
P76518	2.8.3.19	Bacteria	2.8.3
P55809	2.8.3.5	Eukarya	2.8.3
P31572	2.8.3.21	Bacteria	2.8.3
Q59112	2.8.3.12	Bacteria	2.8.3
Q59111	2.8.3.12	Bacteria	2.8.3
Q29551	2.8.3.5	Eukarya	2.8.3
P07955	2.8.4.1	Archaea	2.8.4
P11560	2.8.4.1	Archaea	2.8.4
P54462	2.8.4.5	Bacteria	2.8.4
P07964	2.8.4.1	Archaea	2.8.4
P07962	2.8.4.1	Archaea	2.8.4
P11558	2.8.4.1	Archaea	2.8.4
Q49605	2.8.4.1	Archaea	2.8.4
P11562	2.8.4.1	Archaea	2.8.4
Q58027	2.9.1.2	Archaea	2.9.1
O15496	3.1.1.4	Eukarya	3.1.1
P14280	3.1.1.11	Eukarya	3.1.1
P26876	3.1.1.3	Bacteria	3.1.1
Q06174	3.1.1.1	Bacteria	3.1.1
P08658	3.1.1.3	Bacteria	3.1.1
P22303	3.1.1.7	Eukarya	3.1.1
Q29460	3.1.1.47	Eukarya	3.1.1
Q9Y3E5	3.1.1.29	Eukarya	3.1.1
P21836	3.1.1.7	Eukarya	3.1.1
P24027	3.1.1.4	Eukarya	3.1.1
P12337	3.1.1.1	Eukarya	3.1.1
P06276	3.1.1.8	Eukarya	3.1.1
P20474	3.1.1.4	Eukarya	3.1.1
P28039	3.1.1.77	Eukarya	3.1.1
P11151	3.1.1.34	Eukarya	3.1.1
P23795	3.1.1.7	Eukarya	3.1.1
O59952	3.1.1.3	Eukarya	3.1.1
P45881	3.1.1.4	Eukarya	3.1.1
Q06000	3.1.1.34	Eukarya	3.1.1
O74017	3.1.1.29	Archaea	3.1.1
O60733	3.1.1.4	Eukarya	3.1.1
O42807	3.1.1.73	Eukarya	3.1.1
P00590	3.1.1.74	Eukarya	3.1.1
Q14197	3.1.1.29	Eukarya	3.1.1
P00592	3.1.1.4	Eukarya	3.1.1
P06858	3.1.1.34	Eukarya	3.1.1
P14418	3.1.1.4	Eukarya	3.1.1
P44814	3.1.1.96	Bacteria	3.1.1
O95336	3.1.1.31	Eukarya	3.1.1
P54310	3.1.1.79	Eukarya	3.1.1
Q99487	3.1.1.47	Eukarya	3.1.1
P00596	3.1.1.4	Eukarya	3.1.1
P16386	3.1.1.79	Eukarya	3.1.1
P00593	3.1.1.4	Eukarya	3.1.1
P11152	3.1.1.34	Eukarya	3.1.1
P04058	3.1.1.7	Eukarya	3.1.1
P14555	3.1.1.4	Eukarya	3.1.1
P07140	3.1.1.7	Eukarya	3.1.1
Q05469	3.1.1.79	Eukarya	3.1.1
P32947	3.1.1.3	Eukarya	3.1.1
P00591	3.1.1.3	Eukarya	3.1.1
P00598	3.1.1.4	Eukarya	3.1.1
P22088	3.1.1.3	Bacteria	3.1.1
P73335	3.1.1.96	Bacteria	3.1.1
P15445	3.1.1.4	Eukarya	3.1.1
Q61205	3.1.1.47	Eukarya	3.1.1
P34163	3.1.1.13	Eukarya	3.1.1
P00630	3.1.1.4	Eukarya	3.1.1
P07330	3.1.1.61	Bacteria	3.1.1
P15304	3.1.1.79	Eukarya	3.1.1
P04994	3.1.11.6	Bacteria	3.1.11
P07648	3.1.11.5	Bacteria	3.1.11
P04993	3.1.11.5	Bacteria	3.1.11
P04995	3.1.11.1	Bacteria	3.1.11
P08394	3.1.11.5	Bacteria	3.1.11
P39112	3.1.13.1	Eukarya	3.1.13
O35710	3.1.13.4	Eukarya	3.1.13
P30850	3.1.13.1	Bacteria	3.1.13
Q12320	3.1.2.6	Eukarya	3.1.2
P49753	3.1.2.2	Eukarya	3.1.2
O35952	3.1.2.6	Eukarya	3.1.2
P56653	3.1.2.23	Bacteria	3.1.2
P40363	3.1.2.12	Eukarya	3.1.2
O55137	3.1.2.2	Eukarya	3.1.2
O24496	3.1.2.6	Eukarya	3.1.2
Q55777	3.1.2.28	Bacteria	3.1.2
Q16775	3.1.2.6	Eukarya	3.1.2
P17743	3.1.21.4	Bacteria	3.1.21
Q58723	3.1.21.4	Archaea	3.1.21
Q58895	3.1.21.4	Archaea	3.1.21
Q9KHV6	3.1.21.4	Bacteria	3.1.21
P00639	3.1.21.1	Eukarya	3.1.21
Q9YGI5	3.1.21.1	Eukarya	3.1.21
P11936	3.1.21.1	Eukarya	3.1.21
P14633	3.1.21.4	Bacteria	3.1.21
O42446	3.1.21.1	Eukarya	3.1.21
Q9WYJ7	3.1.21.2	Bacteria	3.1.21
P49183	3.1.21.1	Eukarya	3.1.21
P24855	3.1.21.1	Eukarya	3.1.21
O00115	3.1.22.1	Eukarya	3.1.22
P56542	3.1.22.1	Eukarya	3.1.22
O62855	3.1.22.1	Eukarya	3.1.22
P29253	3.1.26.4	Bacteria	3.1.26
O28362	3.1.26.5	Archaea	3.1.26
P21513	3.1.26.12	Bacteria	3.1.26
P54548	3.1.26.11	Bacteria	3.1.26
P0A7Y4	3.1.26.4	Bacteria	3.1.26
P25814	3.1.26.5	Bacteria	3.1.26
P10442	3.1.26.4	Bacteria	3.1.26
Q9X017	3.1.26.4	Bacteria	3.1.26
P36159	3.1.26.11	Eukarya	3.1.26
O29634	3.1.26.4	Archaea	3.1.26
Q58897	3.1.26.11	Archaea	3.1.26
Q9ZBQ7	3.1.26.3	Bacteria	3.1.26
Q9X0I6	3.1.26.3	Bacteria	3.1.26
O59425	3.1.26.5	Archaea	3.1.26
Q02555	3.1.26.3	Eukarya	3.1.26
O67082	3.1.26.3	Bacteria	3.1.26
P0A7Y0	3.1.26.3	Bacteria	3.1.26
P80022	3.1.27.1	Eukarya	3.1.27
P00655	3.1.27.10	Eukarya	3.1.27
P05798	3.1.27.3	Bacteria	3.1.27
P80196	3.1.27.1	Eukarya	3.1.27
P00651	3.1.27.3	Eukarya	3.1.27
P00669	3.1.27.5	Eukarya	3.1.27
P09646	3.1.27.3	Eukarya	3.1.27
P00654	3.1.27.4	Eukarya	3.1.27
P23540	3.1.27.1	Eukarya	3.1.27
P07998	3.1.27.5	Eukarya	3.1.27
P61823	3.1.27.5	Eukarya	3.1.27
P24031	3.1.3.2	Eukarya	3.1.3
P15273	3.1.3.48	Bacteria	3.1.3
P29350	3.1.3.48	Eukarya	3.1.3
P49441	3.1.3.57	Eukarya	3.1.3
P40106	3.1.3.21	Eukarya	3.1.3
P53041	3.1.3.16	Eukarya	3.1.3
P35575	3.1.3.9	Eukarya	3.1.3
Q14642	3.1.3.56	Eukarya	3.1.3
O00167	3.1.3.48	Eukarya	3.1.3
P09242	3.1.3.1	Eukarya	3.1.3
Q12913	3.1.3.48	Eukarya	3.1.3
P97697	3.1.3.25	Eukarya	3.1.3
P17706	3.1.3.48	Eukarya	3.1.3
P23467	3.1.3.48	Eukarya	3.1.3
P08289	3.1.3.1	Eukarya	3.1.3
P62136	3.1.3.16	Eukarya	3.1.3
P43378	3.1.3.48	Eukarya	3.1.3
P48452	3.1.3.16	Eukarya	3.1.3
Q15262	3.1.3.48	Eukarya	3.1.3
Q14693	3.1.3.4	Eukarya	3.1.3
P35576	3.1.3.9	Eukarya	3.1.3
Q12923	3.1.3.48	Eukarya	3.1.3
P23470	3.1.3.48	Eukarya	3.1.3
P35816	3.1.3.43	Eukarya	3.1.3
Q59943	3.1.3.11	Bacteria	3.1.3
Q05117	3.1.3.2	Eukarya	3.1.3
P22418	3.1.3.11	Eukarya	3.1.3
Q92729	3.1.3.48	Eukarya	3.1.3
Q15678	3.1.3.48	Eukarya	3.1.3
Q06124	3.1.3.48	Eukarya	3.1.3
P23469	3.1.3.48	Eukarya	3.1.3
P42941	3.1.3.3	Eukarya	3.1.3
P46452	3.1.3.82	Bacteria	3.1.3
P15309	3.1.3.2	Eukarya	3.1.3
P09467	3.1.3.11	Eukarya	3.1.3
P26045	3.1.3.48	Eukarya	3.1.3
P00634	3.1.3.1	Bacteria	3.1.3
P32019	3.1.3.36	Eukarya	3.1.3
P54829	3.1.3.48	Eukarya	3.1.3
P30307	3.1.3.48	Eukarya	3.1.3
P24666	3.1.3.48	Eukarya	3.1.3
P40852	3.1.3.18	Bacteria	3.1.3
P36873	3.1.3.16	Eukarya	3.1.3
Q97E82	3.1.3.71	Bacteria	3.1.3
P41277	3.1.3.21	Eukarya	3.1.3
P10586	3.1.3.48	Eukarya	3.1.3
P00636	3.1.3.11	Eukarya	3.1.3
P18031	3.1.3.48	Eukarya	3.1.3
P09201	3.1.3.11	Eukarya	3.1.3
P29074	3.1.3.48	Eukarya	3.1.3
P13717	3.1.30.2	Bacteria	3.1.30
P00644	3.1.31.1	Bacteria	3.1.31
P10908	3.1.4.46	Bacteria	3.1.4
O00408	3.1.4.17	Eukarya	3.1.4
Q01062	3.1.4.17	Eukarya	3.1.4
Q14123	3.1.4.17	Eukarya	3.1.4
O70628	3.1.4.35	Eukarya	3.1.4
P10687	3.1.4.11	Eukarya	3.1.4
Q01970	3.1.4.11	Eukarya	3.1.4
Q9RGS8	3.1.4.3	Bacteria	3.1.4
Q13393	3.1.4.4	Eukarya	3.1.4
O60658	3.1.4.53	Eukarya	3.1.4
Q38882	3.1.4.4	Eukarya	3.1.4
P09394	3.1.4.46	Bacteria	3.1.4
O76074	3.1.4.35	Eukarya	3.1.4
P11889	3.1.4.12	Bacteria	3.1.4
P54748	3.1.4.53	Eukarya	3.1.4
Q9NP56	3.1.4.53	Eukarya	3.1.4
Q14432	3.1.4.17	Eukarya	3.1.4
Q58247	3.1.4.56	Archaea	3.1.4
P70496	3.1.4.4	Eukarya	3.1.4
P32383	3.1.4.11	Eukarya	3.1.4
P55939	3.1.4.4	Eukarya	3.1.4
P70498	3.1.4.4	Eukarya	3.1.4
P10688	3.1.4.11	Eukarya	3.1.4
P52731	3.1.4.35	Eukarya	3.1.4
Q07343	3.1.4.53	Eukarya	3.1.4
O95263	3.1.4.53	Eukarya	3.1.4
Q9QXQ1	3.1.4.53	Eukarya	3.1.4
Q61481	3.1.4.17	Eukarya	3.1.4
P19174	3.1.4.11	Eukarya	3.1.4
P80109	3.1.4.50	Eukarya	3.1.4
P09598	3.1.4.3	Bacteria	3.1.4
Q13946	3.1.4.53	Eukarya	3.1.4
Q01064	3.1.4.17	Eukarya	3.1.4
P80108	3.1.4.50	Eukarya	3.1.4
P51178	3.1.4.11	Eukarya	3.1.4
P16692	3.1.4.55	Bacteria	3.1.4
P97813	3.1.4.4	Eukarya	3.1.4
P21515	3.1.4.14	Bacteria	3.1.4
P14646	3.1.4.53	Eukarya	3.1.4
P09543	3.1.4.37	Eukarya	3.1.4
Q9NQ66	3.1.4.11	Eukarya	3.1.4
P16885	3.1.4.11	Eukarya	3.1.4
O76083	3.1.4.35	Eukarya	3.1.4
Q08499	3.1.4.53	Eukarya	3.1.4
Q00722	3.1.4.11	Eukarya	3.1.4
P14270	3.1.4.53	Eukarya	3.1.4
Q08493	3.1.4.53	Eukarya	3.1.4
O88502	3.1.4.53	Eukarya	3.1.4
Q53728	3.1.4.4	Bacteria	3.1.4
Q01065	3.1.4.17	Eukarya	3.1.4
P51691	3.1.6.1	Bacteria	3.1.6
P15848	3.1.6.12	Eukarya	3.1.6
P08842	3.1.6.2	Eukarya	3.1.6
P34059	3.1.6.4	Eukarya	3.1.6
P22304	3.1.6.13	Eukarya	3.1.6
P15586	3.1.6.14	Eukarya	3.1.6
P51688	3.10.1.1	Eukarya	3.10.1
P54997	3.13.1.3	Bacteria	3.13.1
P17411	3.2.1.86	Bacteria	3.2.1
P48825	3.2.1.21	Eukarya	3.2.1
Q9C0Y4	3.2.1.20	Eukarya	3.2.1
P08017	3.2.1.3	Eukarya	3.2.1
P10481	3.2.1.18	Bacteria	3.2.1
P33665	3.2.1.132	Bacteria	3.2.1
P54818	3.2.1.46	Eukarya	3.2.1
P61626	3.2.1.17	Eukarya	3.2.1
P07686	3.2.1.52	Eukarya	3.2.1
O33830	3.2.1.20	Bacteria	3.2.1
Q29451	3.2.1.24	Eukarya	3.2.1
P00693	3.2.1.1	Eukarya	3.2.1
P42293	3.2.1.99	Bacteria	3.2.1
Q9P999	3.2.1.177	Archaea	3.2.1
P31723	3.2.1.113	Eukarya	3.2.1
O09159	3.2.1.24	Eukarya	3.2.1
P06279	3.2.1.1	Bacteria	3.2.1
P49010	3.2.1.52	Eukarya	3.2.1
O60476	3.2.1.113	Eukarya	3.2.1
P53627	3.2.1.55	Bacteria	3.2.1
P56526	3.2.1.20	Eukarya	3.2.1
P29127	3.2.1.8	Eukarya	3.2.1
Q9UQ49	3.2.1.18	Eukarya	3.2.1
Q9ZFM2	3.2.1.37	Bacteria	3.2.1
P47180	3.2.1.15	Eukarya	3.2.1
P00723	3.2.1.23	Eukarya	3.2.1
P17439	3.2.1.45	Eukarya	3.2.1
P17989	3.2.1.73	Bacteria	3.2.1
P29853	3.2.1.23	Eukarya	3.2.1
P04062	3.2.1.45	Eukarya	3.2.1
P31434	3.2.1.177	Bacteria	3.2.1
P00722	3.2.1.23	Bacteria	3.2.1
P05656	3.2.1.80	Bacteria	3.2.1
P69327	3.2.1.3	Eukarya	3.2.1
O02791	3.2.1.46	Eukarya	3.2.1
Q54727	3.2.1.18	Bacteria	3.2.1
P24133	3.2.1.26	Eukarya	3.2.1
P18429	3.2.1.8	Bacteria	3.2.1
P26221	3.2.1.4	Bacteria	3.2.1
P16098	3.2.1.2	Eukarya	3.2.1
P22073	3.2.1.21	Bacteria	3.2.1
Q02126	3.2.1.39	Eukarya	3.2.1
P53051	3.2.1.10	Eukarya	3.2.1
P10538	3.2.1.2	Eukarya	3.2.1
Q99040	3.2.1.70	Bacteria	3.2.1
P38940	3.2.1.135	Bacteria	3.2.1
P51584	3.2.1.8	Bacteria	3.2.1
P19531	3.2.1.133	Bacteria	3.2.1
P49426	3.2.1.58	Eukarya	3.2.1
P54802	3.2.1.50	Eukarya	3.2.1
P12295	3.2.2.27	Bacteria	3.2.2
P13051	3.2.2.27	Eukarya	3.2.2
P42371	3.2.2.23	Bacteria	3.2.2
P29372	3.2.2.21	Eukarya	3.2.2
P05100	3.2.2.20	Bacteria	3.2.2
P24817	3.2.2.22	Eukarya	3.2.2
P04399	3.2.2.22	Eukarya	3.2.2
P10297	3.2.2.22	Eukarya	3.2.2
P24478	3.2.2.22	Eukarya	3.2.2
Q04179	3.2.2.3	Eukarya	3.2.2
O24915	3.2.2.30	Bacteria	3.2.2
Q13569	3.2.2.29	Eukarya	3.2.2
P04395	3.2.2.21	Bacteria	3.2.2
P33022	3.2.2.8	Bacteria	3.2.2
P05523	3.2.2.23	Bacteria	3.2.2
Q40772	3.2.2.22	Eukarya	3.2.2
P09989	3.2.2.22	Eukarya	3.2.2
P14300	3.2.2.24	Bacteria	3.2.2
P50250	3.3.1.1	Eukarya	3.3.1
P23526	3.3.1.1	Eukarya	3.3.1
P07099	3.3.2.9	Eukarya	3.3.2
P19602	3.3.2.6	Eukarya	3.3.2
P09960	3.3.2.6	Eukarya	3.3.2
P53582	3.4.11.18	Eukarya	3.4.11
P00727	3.4.11.1	Eukarya	3.4.11
P91885	3.4.11.2	Eukarya	3.4.11
Q10712	3.4.11.1	Eukarya	3.4.11
P50579	3.4.11.18	Eukarya	3.4.11
O36014	3.4.11.21	Eukarya	3.4.11
Q01693	3.4.11.10	Bacteria	3.4.11
Q9Z2W0	3.4.11.21	Eukarya	3.4.11
P15144	3.4.11.2	Eukarya	3.4.11
P14904	3.4.11.22	Eukarya	3.4.11
P38821	3.4.11.21	Eukarya	3.4.11
P38062	3.4.11.18	Eukarya	3.4.11
P80561	3.4.11.24	Bacteria	3.4.11
O09175	3.4.11.6	Eukarya	3.4.11
P0AE18	3.4.11.18	Bacteria	3.4.11
P56218	3.4.11.18	Archaea	3.4.11
O32449	3.4.11.5	Bacteria	3.4.11
P52278	3.4.11.5	Bacteria	3.4.11
P16406	3.4.11.7	Eukarya	3.4.11
P04825	3.4.11.2	Bacteria	3.4.11
P40051	3.4.11.26	Eukarya	3.4.11
O08663	3.4.11.18	Eukarya	3.4.11
P91887	3.4.11.2	Eukarya	3.4.11
P16444	3.4.13.19	Eukarya	3.4.13
O58885	3.4.13.9	Archaea	3.4.13
P81535	3.4.13.9	Archaea	3.4.13
Q06241	3.4.13.22	Bacteria	3.4.13
P12955	3.4.13.9	Eukarya	3.4.13
P22411	3.4.14.5	Eukarya	3.4.14
P29144	3.4.14.10	Eukarya	3.4.14
Q9NY33	3.4.14.4	Eukarya	3.4.14
Q08225	3.4.14.4	Eukarya	3.4.14
Q64514	3.4.14.10	Eukarya	3.4.14
O14773	3.4.14.9	Eukarya	3.4.14
P27487	3.4.14.5	Eukarya	3.4.14
P53634	3.4.14.1	Eukarya	3.4.14
Q9UHL4	3.4.14.2	Eukarya	3.4.14
P97821	3.4.14.1	Eukarya	3.4.14
P14740	3.4.14.5	Eukarya	3.4.14
Q10714	3.4.15.1	Eukarya	3.4.15
P73832	3.4.15.6	Bacteria	3.4.15
P24171	3.4.15.5	Bacteria	3.4.15
P16675	3.4.16.5	Eukarya	3.4.16
P0AEB2	3.4.16.4	Bacteria	3.4.16
P15555	3.4.16.4	Bacteria	3.4.16
P00729	3.4.16.5	Eukarya	3.4.16
P42785	3.4.16.2	Eukarya	3.4.16
P39042	3.4.16.4	Bacteria	3.4.16
P10619	3.4.16.5	Eukarya	3.4.16
P39844	3.4.16.4	Bacteria	3.4.16
P39045	3.4.16.4	Bacteria	3.4.16
P09620	3.4.16.6	Eukarya	3.4.16
P15169	3.4.17.3	Eukarya	3.4.17
P06621	3.4.17.11	Bacteria	3.4.17
P14384	3.4.17.12	Eukarya	3.4.17
P29068	3.4.17.18	Bacteria	3.4.17
P15086	3.4.17.2	Eukarya	3.4.17
P00730	3.4.17.1	Eukarya	3.4.17
P15088	3.4.17.1	Eukarya	3.4.17
Q04609	3.4.17.21	Eukarya	3.4.17
Q00493	3.4.17.10	Eukarya	3.4.17
P16870	3.4.17.10	Eukarya	3.4.17
P09955	3.4.17.2	Eukarya	3.4.17
P42787	3.4.17.22	Eukarya	3.4.17
Q9UBR2	3.4.18.1	Eukarya	3.4.18
O73944	3.4.19.3	Archaea	3.4.19
O07883	3.4.19.3	Archaea	3.4.19
Q9UK80	3.4.19.12	Eukarya	3.4.19
Q9NXJ5	3.4.19.3	Eukarya	3.4.19
P15374	3.4.19.12	Eukarya	3.4.19
O65355	3.4.19.9	Eukarya	3.4.19
Q9Y5K5	3.4.19.12	Eukarya	3.4.19
P35127	3.4.19.12	Eukarya	3.4.19
Q9ESW8	3.4.19.3	Eukarya	3.4.19
P40818	3.4.19.12	Eukarya	3.4.19
Q62867	3.4.19.9	Eukarya	3.4.19
O58321	3.4.19.3	Archaea	3.4.19
P45974	3.4.19.12	Eukarya	3.4.19
Q92820	3.4.19.9	Eukarya	3.4.19
P08246	3.4.21.37	Eukarya	3.4.21
P00751	3.4.21.47	Eukarya	3.4.21
Q9JIY5	3.4.21.108	Eukarya	3.4.21
P28628	3.4.21.89	Bacteria	3.4.21
P04072	3.4.21.66	Bacteria	3.4.21
Q61129	3.4.21.45	Eukarya	3.4.21
P98073	3.4.21.9	Eukarya	3.4.21
P37945	3.4.21.53	Bacteria	3.4.21
P00749	3.4.21.73	Eukarya	3.4.21
P00742	3.4.21.6	Eukarya	3.4.21
P24158	3.4.21.76	Eukarya	3.4.21
Q99895	3.4.21.2	Eukarya	3.4.21
Q9Y5Y6	3.4.21.109	Eukarya	3.4.21
P07288	3.4.21.77	Eukarya	3.4.21
P08001	3.4.21.10	Eukarya	3.4.21
P11214	3.4.21.68	Eukarya	3.4.21
P08311	3.4.21.20	Eukarya	3.4.21
P23946	3.4.21.39	Eukarya	3.4.21
P18291	3.4.21.79	Eukarya	3.4.21
P03952	3.4.21.34	Eukarya	3.4.21
Q9UNI1	3.4.21.36	Eukarya	3.4.21
P49862	3.4.21.117	Eukarya	3.4.21
Q14703	3.4.21.112	Eukarya	3.4.21
P08897	3.4.21.49	Eukarya	3.4.21
P00766	3.4.21.1	Eukarya	3.4.21
Q60106	3.4.21.101	Bacteria	3.4.21
P06870	3.4.21.35	Eukarya	3.4.21
Q61955	3.4.21.118	Eukarya	3.4.21
P80244	3.4.21.92	Bacteria	3.4.21
Q9WTZ3	3.4.21.112	Eukarya	3.4.21
P00750	3.4.21.68	Eukarya	3.4.21
P14272	3.4.21.34	Eukarya	3.4.21
P20231	3.4.21.59	Eukarya	3.4.21
P08709	3.4.21.21	Eukarya	3.4.21
P54493	3.4.21.105	Bacteria	3.4.21
P00736	3.4.21.41	Eukarya	3.4.21
P03951	3.4.21.27	Eukarya	3.4.21
P07338	3.4.21.1	Eukarya	3.4.21
P00761	3.4.21.4	Eukarya	3.4.21
P23687	3.4.21.26	Eukarya	3.4.21
P56772	3.4.21.92	Eukarya	3.4.21
P04186	3.4.21.47	Eukarya	3.4.21
P0A9M0	3.4.21.53	Bacteria	3.4.21
P03953	3.4.21.46	Eukarya	3.4.21
Q9LA06	3.4.21.107	Bacteria	3.4.21
P46116	3.4.21.105	Bacteria	3.4.21
P05156	3.4.21.45	Eukarya	3.4.21
P00760	3.4.21.4	Eukarya	3.4.21
P09871	3.4.21.42	Eukarya	3.4.21
P98072	3.4.21.9	Eukarya	3.4.21
P29466	3.4.22.36	Eukarya	3.4.22
P97571	3.4.22.52	Eukarya	3.4.22
P42574	3.4.22.56	Eukarya	3.4.22
P51878	3.4.22.58	Eukarya	3.4.22
Q07009	3.4.22.53	Eukarya	3.4.22
P05994	3.4.22.25	Eukarya	3.4.22
P28784	3.4.22.37	Bacteria	3.4.22
P55215	3.4.22.55	Eukarya	3.4.22
P95493	3.4.22.37	Bacteria	3.4.22
P25774	3.4.22.27	Eukarya	3.4.22
P08176	3.4.22.65	Eukarya	3.4.22
P14518	3.4.22.32	Eukarya	3.4.22
Q92851	3.4.22.63	Eukarya	3.4.22
P43235	3.4.22.38	Eukarya	3.4.22
P07858	3.4.22.1	Eukarya	3.4.22
P07154	3.4.22.15	Eukarya	3.4.22
P17655	3.4.22.53	Eukarya	3.4.22
P06815	3.4.22.52	Eukarya	3.4.22
P14080	3.4.22.6	Eukarya	3.4.22
P49662	3.4.22.57	Eukarya	3.4.22
P09841	3.4.22.34	Eukarya	3.4.22
Q03018	3.4.22.49	Eukarya	3.4.22
P0C0J0	3.4.22.10	Bacteria	3.4.22
P55211	3.4.22.62	Eukarya	3.4.22
Q9UBX1	3.4.22.41	Eukarya	3.4.22
P07688	3.4.22.1	Eukarya	3.4.22
P97864	3.4.22.60	Eukarya	3.4.22
Q14790	3.4.22.61	Eukarya	3.4.22
P70677	3.4.22.56	Eukarya	3.4.22
P42575	3.4.22.55	Eukarya	3.4.22
O60911	3.4.22.43	Eukarya	3.4.22
Q02724	3.4.22.68	Eukarya	3.4.22
P10056	3.4.22.30	Eukarya	3.4.22
O70370	3.4.22.27	Eukarya	3.4.22
P55210	3.4.22.60	Eukarya	3.4.22
P09870	3.4.22.8	Bacteria	3.4.22
P00785	3.4.22.14	Eukarya	3.4.22
P06814	3.4.22.53	Eukarya	3.4.22
P70645	3.4.22.40	Eukarya	3.4.22
P00784	3.4.22.2	Eukarya	3.4.22
P00787	3.4.22.1	Eukarya	3.4.22
P07711	3.4.22.15	Eukarya	3.4.22
P29594	3.4.22.55	Eukarya	3.4.22
P25779	3.4.22.51	Eukarya	3.4.22
P06797	3.4.22.15	Eukarya	3.4.22
P20807	3.4.22.54	Eukarya	3.4.22
Q01532	3.4.22.40	Eukarya	3.4.22
P81297	3.4.22.48	Bacteria	3.4.22
Q13867	3.4.22.40	Eukarya	3.4.22
P29452	3.4.22.36	Eukarya	3.4.22
P11838	3.4.23.22	Eukarya	3.4.23
P24268	3.4.23.5	Eukarya	3.4.23
P17118	3.4.23.42	Archaea	3.4.23
P46925	3.4.23.39	Eukarya	3.4.23
P18242	3.4.23.5	Eukarya	3.4.23
P16228	3.4.23.34	Eukarya	3.4.23
P07339	3.4.23.5	Eukarya	3.4.23
P32329	3.4.23.41	Eukarya	3.4.23
P39898	3.4.23.38	Eukarya	3.4.23
P32951	3.4.23.24	Eukarya	3.4.23
P56818	3.4.23.46	Eukarya	3.4.23
P14091	3.4.23.34	Eukarya	3.4.23
P43094	3.4.23.24	Eukarya	3.4.23
Q9Y5Z0	3.4.23.45	Eukarya	3.4.23
P56817	3.4.23.46	Eukarya	3.4.23
P00798	3.4.23.20	Eukarya	3.4.23
P00794	3.4.23.4	Eukarya	3.4.23
Q06902	3.4.23.18	Eukarya	3.4.23
P17811	3.4.23.48	Bacteria	3.4.23
P00797	3.4.23.15	Eukarya	3.4.23
P20142	3.4.23.3	Eukarya	3.4.23
Q00663	3.4.23.24	Eukarya	3.4.23
P07267	3.4.23.25	Eukarya	3.4.23
P70269	3.4.23.34	Eukarya	3.4.23
P09169	3.4.23.49	Bacteria	3.4.23
P32950	3.4.23.24	Eukarya	3.4.23
O43847	3.4.24.61	Eukarya	3.4.24
P22894	3.4.24.34	Eukarya	3.4.24
P15917	3.4.24.83	Bacteria	3.4.24
P07861	3.4.24.11	Eukarya	3.4.24
P28825	3.4.24.18	Eukarya	3.4.24
Q13219	3.4.24.79	Eukarya	3.4.24
P15167	3.4.24.42	Eukarya	3.4.24
P30996	3.4.24.69	Bacteria	3.4.24
Q03023	3.4.24.40	Bacteria	3.4.24
P28891	3.4.24.72	Eukarya	3.4.24
Q9Z1K9	3.4.24.86	Eukarya	3.4.24
P09238	3.4.24.22	Eukarya	3.4.24
O43462	3.4.24.85	Eukarya	3.4.24
P91953	3.4.24.12	Eukarya	3.4.24
P08148	3.4.24.36	Eukarya	3.4.24
P10844	3.4.24.69	Bacteria	3.4.24
P81054	3.4.24.20	Eukarya	3.4.24
P42892	3.4.24.71	Eukarya	3.4.24
P79331	3.4.24.14	Eukarya	3.4.24
O75844	3.4.24.84	Eukarya	3.4.24
P41245	3.4.24.35	Eukarya	3.4.24
P10547	3.4.24.75	Bacteria	3.4.24
P00800	3.4.24.27	Bacteria	3.4.24
P09237	3.4.24.23	Eukarya	3.4.24
P81055	3.4.24.20	Eukarya	3.4.24
P30431	3.4.24.73	Eukarya	3.4.24
Q00496	3.4.24.69	Bacteria	3.4.24
Q64230	3.4.24.18	Eukarya	3.4.24
P04958	3.4.24.68	Bacteria	3.4.24
P08473	3.4.24.11	Eukarya	3.4.24
P14735	3.4.24.56	Eukarya	3.4.24
P24155	3.4.24.15	Eukarya	3.4.24
Q16820	3.4.24.63	Eukarya	3.4.24
P14780	3.4.24.35	Eukarya	3.4.24
Q16819	3.4.24.18	Eukarya	3.4.24
P13497	3.4.24.19	Eukarya	3.4.24
P08253	3.4.24.24	Eukarya	3.4.24
P22321	3.4.24.78	Bacteria	3.4.24
P47154	3.4.24.84	Eukarya	3.4.24
P35559	3.4.24.56	Eukarya	3.4.24
P78536	3.4.24.86	Eukarya	3.4.24
P14756	3.4.24.26	Bacteria	3.4.24
P03956	3.4.24.7	Eukarya	3.4.24
Q00971	3.4.24.25	Bacteria	3.4.24
P18315	3.5.1.5	Bacteria	3.5.1
O95498	3.5.1.92	Eukarya	3.5.1
Q9FUZ2	3.5.1.88	Eukarya	3.5.1
P38986	3.5.1.1	Eukarya	3.5.1
P06608	3.5.1.1	Bacteria	3.5.1
O67648	3.5.1.108	Bacteria	3.5.1
P96113	3.5.1.88	Bacteria	3.5.1
P54965	3.5.1.24	Bacteria	3.5.1
O22446	3.5.1.98	Eukarya	3.5.1
Q03154	3.5.1.14	Eukarya	3.5.1
P53184	3.5.1.19	Eukarya	3.5.1
P07374	3.5.1.5	Eukarya	3.5.1
Q9HBH1	3.5.1.88	Eukarya	3.5.1
Q9F2F0	3.5.1.88	Bacteria	3.5.1
P75820	3.5.1.28	Bacteria	3.5.1
P10182	3.5.1.38	Bacteria	3.5.1
P37111	3.5.1.14	Eukarya	3.5.1
O95497	3.5.1.92	Eukarya	3.5.1
Q9UKV0	3.5.1.98	Eukarya	3.5.1
P81717	3.5.1.28	Bacteria	3.5.1
P56524	3.5.1.98	Eukarya	3.5.1
P70288	3.5.1.98	Eukarya	3.5.1
P07062	3.5.1.46	Bacteria	3.5.1
P23908	3.5.1.16	Bacteria	3.5.1
P22984	3.5.1.4	Bacteria	3.5.1
P00805	3.5.1.1	Bacteria	3.5.1
P43251	3.5.1.12	Eukarya	3.5.1
P44514	3.5.1.18	Bacteria	3.5.1
Q9Y2B2	3.5.1.89	Eukarya	3.5.1
Q9UBN7	3.5.1.98	Eukarya	3.5.1
Q9UBR1	3.5.1.6	Eukarya	3.5.1
P06653	3.5.1.28	Bacteria	3.5.1
O31410	3.5.1.88	Bacteria	3.5.1
P06875	3.5.1.11	Bacteria	3.5.1
Q9L5D6	3.5.1.93	Bacteria	3.5.1
Q9I7A8	3.5.1.88	Bacteria	3.5.1
P13264	3.5.1.2	Eukarya	3.5.1
P18316	3.5.1.5	Bacteria	3.5.1
P76215	3.5.1.96	Bacteria	3.5.1
P18314	3.5.1.5	Bacteria	3.5.1
P77454	3.5.1.2	Bacteria	3.5.1
O94925	3.5.1.2	Eukarya	3.5.1
Q9FV53	3.5.1.88	Eukarya	3.5.1
Q9ZLB9	3.5.1.1	Bacteria	3.5.1
Q13547	3.5.1.98	Eukarya	3.5.1
P11436	3.5.1.4	Bacteria	3.5.1
Q13510	3.5.1.23	Eukarya	3.5.1
Q9WV54	3.5.1.23	Eukarya	3.5.1
P76038	3.5.1.94	Bacteria	3.5.1
P20933	3.5.1.26	Eukarya	3.5.1
P00808	3.5.2.6	Bacteria	3.5.2
O04904	3.5.2.3	Eukarya	3.5.2
P16897	3.5.2.6	Bacteria	3.5.2
Q59699	3.5.2.2	Bacteria	3.5.2
P05364	3.5.2.6	Bacteria	3.5.2
P62593	3.5.2.6	Bacteria	3.5.2
Q18677	3.5.2.2	Eukarya	3.5.2
P28273	3.5.2.9	Eukarya	3.5.2
Q59517	3.5.2.6	Bacteria	3.5.2
P26918	3.5.2.6	Bacteria	3.5.2
P13661	3.5.2.6	Bacteria	3.5.2
P77671	3.5.2.5	Bacteria	3.5.2
P28585	3.5.2.6	Bacteria	3.5.2
P52700	3.5.2.6	Bacteria	3.5.2
P00811	3.5.2.6	Bacteria	3.5.2
Q21773	3.5.2.2	Eukarya	3.5.2
P97608	3.5.2.9	Eukarya	3.5.2
P04190	3.5.2.6	Bacteria	3.5.2
P05020	3.5.2.3	Bacteria	3.5.2
O66990	3.5.2.3	Bacteria	3.5.2
O32142	3.5.2.17	Bacteria	3.5.2
P20051	3.5.2.3	Eukarya	3.5.2
P42084	3.5.2.7	Bacteria	3.5.2
Q47066	3.5.2.6	Bacteria	3.5.2
P58329	3.5.2.15	Bacteria	3.5.2
P52699	3.5.2.6	Bacteria	3.5.2
P76341	3.5.2.17	Bacteria	3.5.2
P14489	3.5.2.6	Bacteria	3.5.2
P77425	3.5.3.9	Bacteria	3.5.3
P75713	3.5.3.26	Bacteria	3.5.3
P76216	3.5.3.23	Bacteria	3.5.3
P07824	3.5.3.1	Eukarya	3.5.3
P13981	3.5.3.6	Bacteria	3.5.3
Q9ULC6	3.5.3.15	Eukarya	3.5.3
Q9UM07	3.5.3.15	Eukarya	3.5.3
Q9ULW8	3.5.3.15	Eukarya	3.5.3
O94760	3.5.3.18	Eukarya	3.5.3
P23793	3.5.3.6	Bacteria	3.5.3
O08557	3.5.3.18	Eukarya	3.5.3
Q08642	3.5.3.15	Eukarya	3.5.3
Q61176	3.5.3.1	Eukarya	3.5.3
O95865	3.5.3.18	Eukarya	3.5.3
P05089	3.5.3.1	Eukarya	3.5.3
P56965	3.5.3.18	Eukarya	3.5.3
Q9Y2J8	3.5.3.15	Eukarya	3.5.3
P78540	3.5.3.1	Eukarya	3.5.3
P25524	3.5.4.1	Bacteria	3.5.4
P22288	3.5.4.16	Eukarya	3.5.4
P28248	3.5.4.13	Bacteria	3.5.4
O28344	3.5.4.27	Archaea	3.5.4
P47855	3.5.4.36	Eukarya	3.5.4
Q12178	3.5.4.1	Eukarya	3.5.4
P30793	3.5.4.16	Eukarya	3.5.4
Q9Y2T3	3.5.4.3	Eukarya	3.5.4
Q05915	3.5.4.16	Eukarya	3.5.4
O67050	3.5.4.33	Bacteria	3.5.4
P38483	3.5.4.36	Eukarya	3.5.4
P03958	3.5.4.4	Eukarya	3.5.4
P32320	3.5.4.5	Eukarya	3.5.4
P00813	3.5.4.4	Eukarya	3.5.4
Q57609	3.5.4.29	Archaea	3.5.4
Q58185	3.5.4.39	Archaea	3.5.4
P56658	3.5.4.4	Eukarya	3.5.4
P53065	3.5.4.34	Eukarya	3.5.4
P78563	3.5.4.37	Eukarya	3.5.4
Q50837	3.5.4.19	Archaea	3.5.4
P47058	3.5.4.33	Eukarya	3.5.4
Q58043	3.5.4.10	Archaea	3.5.4
P56389	3.5.4.5	Eukarya	3.5.4
P55265	3.5.4.37	Eukarya	3.5.4
P48596	3.5.4.16	Eukarya	3.5.4
Q9RW45	3.5.4.40	Bacteria	3.5.4
P19079	3.5.4.5	Bacteria	3.5.4
P32961	3.5.5.1	Eukarya	3.5.5
P20960	3.5.5.1	Bacteria	3.5.5
P32962	3.5.5.1	Eukarya	3.5.5
Q03217	3.5.5.7	Bacteria	3.5.5
Q02068	3.5.5.7	Bacteria	3.5.5
P46010	3.5.5.1	Eukarya	3.5.5
Q00740	3.5.99.7	Bacteria	3.5.99
P37552	3.5.99.10	Bacteria	3.5.99
P25052	3.5.99.2	Bacteria	3.5.99
P46926	3.5.99.6	Eukarya	3.5.99
P53164	3.6.1.22	Eukarya	3.6.1
Q15181	3.6.1.1	Eukarya	3.6.1
P00817	3.6.1.1	Eukarya	3.6.1
P38576	3.6.1.1	Bacteria	3.6.1
P33317	3.6.1.23	Eukarya	3.6.1
P06968	3.6.1.23	Bacteria	3.6.1
P95765	3.6.1.1	Bacteria	3.6.1
P43341	3.6.1.54	Bacteria	3.6.1
O75354	3.6.1.6	Eukarya	3.6.1
P44684	3.6.1.13	Bacteria	3.6.1
P31414	3.6.1.1	Eukarya	3.6.1
O59570	3.6.1.1	Archaea	3.6.1
P94571	3.6.1.27	Bacteria	3.6.1
O93295	3.6.1.5	Eukarya	3.6.1
Q9MYU4	3.6.1.5	Eukarya	3.6.1
P37981	3.6.1.1	Archaea	3.6.1
P50583	3.6.1.17	Eukarya	3.6.1
P54570	3.6.1.13	Bacteria	3.6.1
P08337	3.6.1.55	Bacteria	3.6.1
P80595	3.6.1.5	Eukarya	3.6.1
P56153	3.6.1.1	Bacteria	3.6.1
Q27893	3.6.1.15	Eukarya	3.6.1
P77788	3.6.1.65	Bacteria	3.6.1
P38698	3.6.1.11	Eukarya	3.6.1
P80507	3.6.1.1	Bacteria	3.6.1
P33316	3.6.1.23	Eukarya	3.6.1
P55772	3.6.1.5	Eukarya	3.6.1
P49789	3.6.1.29	Eukarya	3.6.1
P37487	3.6.1.1	Bacteria	3.6.1
P50308	3.6.1.1	Archaea	3.6.1
P53550	3.6.1.62	Eukarya	3.6.1
P20020	3.6.3.8	Eukarya	3.6.3
P32660	3.6.3.1	Eukarya	3.6.3
P00830	3.6.3.14	Eukarya	3.6.3
O23087	3.6.3.8	Eukarya	3.6.3
P19456	3.6.3.6	Eukarya	3.6.3
Q9NTI2	3.6.3.1	Eukarya	3.6.3
O43520	3.6.3.1	Eukarya	3.6.3
P06611	3.6.3.33	Bacteria	3.6.3
P13587	3.6.3.7	Eukarya	3.6.3
O55143	3.6.3.8	Eukarya	3.6.3
P05024	3.6.3.9	Eukarya	3.6.3
P08690	3.6.3.16	Bacteria	3.6.3
O75185	3.6.3.8	Eukarya	3.6.3
P68187	3.6.3.19	Bacteria	3.6.3
P19156	3.6.3.10	Eukarya	3.6.3
P39524	3.6.3.1	Eukarya	3.6.3
O57728	3.6.3.14	Archaea	3.6.3
P46920	3.6.3.32	Bacteria	3.6.3
P98200	3.6.3.1	Eukarya	3.6.3
Q16720	3.6.3.8	Eukarya	3.6.3
Q9LF79	3.6.3.8	Eukarya	3.6.3
Q60048	3.6.3.3	Bacteria	3.6.3
P11506	3.6.3.8	Eukarya	3.6.3
P09626	3.6.3.10	Eukarya	3.6.3
P12866	3.6.3.48	Eukarya	3.6.3
P05030	3.6.3.6	Eukarya	3.6.3
P10719	3.6.3.14	Eukarya	3.6.3
P08183	3.6.3.44	Eukarya	3.6.3
Q29449	3.6.3.1	Eukarya	3.6.3
P92939	3.6.3.8	Eukarya	3.6.3
Q9R0K7	3.6.3.8	Eukarya	3.6.3
P98194	3.6.3.8	Eukarya	3.6.3
Q9Y2Q0	3.6.3.1	Eukarya	3.6.3
P04191	3.6.3.8	Eukarya	3.6.3
P54707	3.6.3.10	Eukarya	3.6.3
Q12674	3.6.3.1	Eukarya	3.6.3
O32220	3.6.3.54	Bacteria	3.6.3
O00571	3.6.4.13	Eukarya	3.6.4
P40562	3.6.4.12	Eukarya	3.6.4
Q08211	3.6.4.13	Eukarya	3.6.4
Q9UBP0	3.6.4.3	Eukarya	3.6.4
O60231	3.6.4.13	Eukarya	3.6.4
P17844	3.6.4.13	Eukarya	3.6.4
O73946	3.6.4.12	Archaea	3.6.4
P46462	3.6.4.6	Eukarya	3.6.4
P46063	3.6.4.12	Eukarya	3.6.4
P06634	3.6.4.13	Eukarya	3.6.4
P03018	3.6.4.12	Bacteria	3.6.4
P51979	3.6.4.12	Eukarya	3.6.4
P29562	3.6.4.13	Eukarya	3.6.4
P46467	3.6.4.6	Eukarya	3.6.4
Q14191	3.6.4.12	Eukarya	3.6.4
Q9UUA2	3.6.4.12	Eukarya	3.6.4
P47047	3.6.4.13	Eukarya	3.6.4
P15043	3.6.4.12	Bacteria	3.6.4
P56255	3.6.4.12	Bacteria	3.6.4
P35187	3.6.4.12	Eukarya	3.6.4
Q9UMR2	3.6.4.13	Eukarya	3.6.4
P26196	3.6.4.13	Eukarya	3.6.4
P38919	3.6.4.13	Eukarya	3.6.4
P07271	3.6.4.12	Eukarya	3.6.4
O15523	3.6.4.13	Eukarya	3.6.4
P39055	3.6.5.5	Eukarya	3.6.5
P21575	3.6.5.5	Eukarya	3.6.5
P39730	3.6.5.3	Eukarya	3.6.5
P27619	3.6.5.5	Eukarya	3.6.5
Q08877	3.6.5.5	Eukarya	3.6.5
P39054	3.6.5.5	Eukarya	3.6.5
P58281	3.6.5.5	Eukarya	3.6.5
P35505	3.7.1.2	Eukarya	3.7.1
P77044	3.7.1.14	Bacteria	3.7.1
P42415	3.7.1.22	Bacteria	3.7.1
P47229	3.7.1.8	Bacteria	3.7.1
Q16719	3.7.1.3	Eukarya	3.7.1
P22643	3.8.1.5	Bacteria	3.8.1
Q60099	3.8.1.2	Bacteria	3.8.1
Q51645	3.8.1.2	Bacteria	3.8.1
P72156	3.8.1.8	Bacteria	3.8.1
Q52087	3.8.1.2	Bacteria	3.8.1
P22259	4.1.1.49	Bacteria	4.1.1
O02655	4.1.1.50	Eukarya	4.1.1
Q9SNN0	4.1.1.19	Eukarya	4.1.1
P23234	4.1.1.74	Bacteria	4.1.1
P23755	4.1.1.39	Eukarya	4.1.1
P08475	4.1.1.39	Eukarya	4.1.1
P56065	4.1.1.11	Bacteria	4.1.1
P00862	4.1.1.22	Bacteria	4.1.1
Q9UWU1	4.1.1.19	Archaea	4.1.1
Q06121	4.1.1.48	Archaea	4.1.1
P21182	4.1.1.50	Eukarya	4.1.1
P20906	4.1.1.7	Bacteria	4.1.1
P27116	4.1.1.17	Eukarya	4.1.1
P17707	4.1.1.50	Eukarya	4.1.1
P16932	4.1.1.64	Bacteria	4.1.1
O88496	4.1.1.90	Eukarya	4.1.1
O95822	4.1.1.9	Eukarya	4.1.1
P00864	4.1.1.31	Bacteria	4.1.1
P04717	4.1.1.39	Eukarya	4.1.1
P21264	4.1.1.21	Eukarya	4.1.1
P07805	4.1.1.17	Eukarya	4.1.1
O26232	4.1.1.23	Archaea	4.1.1
P07379	4.1.1.32	Eukarya	4.1.1
P30694	4.1.1.31	Eukarya	4.1.1
O76240	4.1.1.50	Eukarya	4.1.1
P23738	4.1.1.22	Eukarya	4.1.1
P23616	4.1.1.5	Bacteria	4.1.1
Q9AGJ6	4.1.1.32	Bacteria	4.1.1
P15804	4.1.1.31	Eukarya	4.1.1
Q57764	4.1.1.19	Archaea	4.1.1
O66615	4.1.1.50	Bacteria	4.1.1
Q96286	4.1.1.50	Eukarya	4.1.1
Q05329	4.1.1.15	Eukarya	4.1.1
P00875	4.1.1.39	Eukarya	4.1.1
P38435	4.1.1.90	Eukarya	4.1.1
P50244	4.1.1.50	Eukarya	4.1.1
P03962	4.1.1.23	Eukarya	4.1.1
Q43908	4.1.1.86	Bacteria	4.1.1
Q9Y600	4.1.1.29	Eukarya	4.1.1
P39006	4.1.1.65	Eukarya	4.1.1
P06132	4.1.1.37	Eukarya	4.1.1
Q05115	4.1.1.76	Bacteria	4.1.1
Q9SWE5	4.1.1.36	Eukarya	4.1.1
P48318	4.1.1.15	Eukarya	4.1.1
P32347	4.1.1.37	Eukarya	4.1.1
P21642	4.1.1.32	Eukarya	4.1.1
P09057	4.1.1.17	Eukarya	4.1.1
P30046	4.1.1.84	Eukarya	4.1.1
Q01647	4.1.1.31	Eukarya	4.1.1
P11926	4.1.1.17	Eukarya	4.1.1
P51853	4.1.2.38	Bacteria	4.1.2
Q51947	4.1.2.45	Bacteria	4.1.2
P14540	4.1.2.13	Eukarya	4.1.2
O50584	4.1.2.48	Bacteria	4.1.2
P42390	4.1.2.8	Eukarya	4.1.2
P56740	4.1.2.25	Bacteria	4.1.2
P52704	4.1.2.47	Eukarya	4.1.2
P75823	4.1.2.48	Bacteria	4.1.2
P0A6L0	4.1.2.4	Bacteria	4.1.2
Q58813	4.1.2.17	Archaea	4.1.2
P37303	4.1.2.48	Eukarya	4.1.2
P58315	4.1.2.13	Archaea	4.1.2
Q55664	4.1.2.13	Bacteria	4.1.2
P00883	4.1.2.13	Eukarya	4.1.2
P16096	4.1.2.13	Eukarya	4.1.2
P52708	4.1.2.11	Eukarya	4.1.2
P52706	4.1.2.10	Eukarya	4.1.2
P58314	4.1.2.13	Archaea	4.1.2
P76469	4.1.2.53	Bacteria	4.1.2
O24243	4.1.2.10	Eukarya	4.1.2
P52705	4.1.2.47	Eukarya	4.1.2
P32169	4.1.2.19	Bacteria	4.1.2
O07051	4.1.2.49	Bacteria	4.1.2
P56109	4.1.2.13	Bacteria	4.1.2
Q9Y948	4.1.2.4	Archaea	4.1.2
P23522	4.1.2.20	Bacteria	4.1.2
Q48907	4.1.2.43	Bacteria	4.1.2
P05062	4.1.2.13	Eukarya	4.1.2
P09786	4.1.3.27	Bacteria	4.1.3
P0A6L4	4.1.3.3	Bacteria	4.1.3
P20580	4.1.3.27	Bacteria	4.1.3
Q03266	4.1.3.38	Eukarya	4.1.3
P35914	4.1.3.4	Eukarya	4.1.3
P00897	4.1.3.27	Bacteria	4.1.3
P26602	4.1.3.40	Bacteria	4.1.3
P77541	4.1.3.30	Bacteria	4.1.3
Q08960	4.1.3.44	Eukarya	4.1.3
P28305	4.1.3.38	Bacteria	4.1.3
P09785	4.1.3.27	Bacteria	4.1.3
Q57705	4.1.3.44	Archaea	4.1.3
P51016	4.1.3.39	Bacteria	4.1.3
Q9L9I7	4.1.99.17	Bacteria	4.1.99
Q9S498	4.1.99.19	Bacteria	4.1.99
Q60364	4.1.99.12	Archaea	4.1.99
P0A853	4.1.99.1	Bacteria	4.1.99
P00914	4.1.99.3	Bacteria	4.1.99
P31013	4.1.99.2	Bacteria	4.1.99
P30140	4.1.99.19	Bacteria	4.1.99
P35218	4.2.1.1	Eukarya	4.2.1
P0A877	4.2.1.20	Bacteria	4.2.1
P00915	4.2.1.1	Eukarya	4.2.1
Q9WVT6	4.2.1.1	Eukarya	4.2.1
Q16790	4.2.1.1	Eukarya	4.2.1
P16016	4.2.1.1	Eukarya	4.2.1
P16276	4.2.1.3	Eukarya	4.2.1
P27830	4.2.1.46	Bacteria	4.2.1
P36683	4.2.1.3	Bacteria	4.2.1
P15474	4.2.1.10	Bacteria	4.2.1
P30084	4.2.1.17	Eukarya	4.2.1
P22748	4.2.1.1	Eukarya	4.2.1
P05373	4.2.1.24	Eukarya	4.2.1
P35520	4.2.1.22	Eukarya	4.2.1
P25080	4.2.1.49	Bacteria	4.2.1
P09104	4.2.1.11	Eukarya	4.2.1
P29208	4.2.1.113	Bacteria	4.2.1
P42206	4.2.1.40	Bacteria	4.2.1
P39461	4.2.1.2	Archaea	4.2.1
P14604	4.2.1.17	Eukarya	4.2.1
Q99798	4.2.1.3	Eukarya	4.2.1
P13716	4.2.1.24	Eukarya	4.2.1
Q23500	4.2.1.3	Eukarya	4.2.1
P17182	4.2.1.11	Eukarya	4.2.1
Q9Y2D0	4.2.1.1	Eukarya	4.2.1
Q58409	4.2.1.114	Archaea	4.2.1
P37869	4.2.1.11	Bacteria	4.2.1
P08417	4.2.1.2	Eukarya	4.2.1
P16015	4.2.1.1	Eukarya	4.2.1
Q59948	4.2.1.104	Bacteria	4.2.1
P07954	4.2.1.2	Eukarya	4.2.1
P56221	4.2.1.94	Eukarya	4.2.1
P28271	4.2.1.3	Eukarya	4.2.1
P25704	4.2.1.11	Eukarya	4.2.1
Q9FA38	4.2.1.147	Bacteria	4.2.1
P31551	4.2.1.149	Bacteria	4.2.1
P10746	4.2.1.75	Eukarya	4.2.1
Q50940	4.2.1.1	Bacteria	4.2.1
P06733	4.2.1.11	Eukarya	4.2.1
O30011	4.2.1.10	Archaea	4.2.1
P33025	4.2.1.70	Bacteria	4.2.1
P25516	4.2.1.3	Bacteria	4.2.1
P14141	4.2.1.1	Eukarya	4.2.1
Q55367	4.2.1.104	Bacteria	4.2.1
P21399	4.2.1.3	Eukarya	4.2.1
Q59643	4.2.1.24	Bacteria	4.2.1
Q63270	4.2.1.3	Eukarya	4.2.1
P32964	4.2.1.66	Eukarya	4.2.1
P77608	4.2.1.80	Bacteria	4.2.1
O60547	4.2.1.47	Eukarya	4.2.1
P11073	4.2.2.2	Bacteria	4.2.2
P39116	4.2.2.2	Bacteria	4.2.2
Q59639	4.2.2.3	Bacteria	4.2.2
Q01172	4.2.2.10	Eukarya	4.2.2
Q59288	4.2.2.5	Bacteria	4.2.2
O50660	4.2.2.3	Bacteria	4.2.2
O52195	4.2.2.3	Bacteria	4.2.2
Q00019	4.2.2.23	Eukarya	4.2.2
P39049	4.2.2.3	Bacteria	4.2.2
Q54873	4.2.2.1	Bacteria	4.2.2
Q06749	4.2.2.3	Bacteria	4.2.2
Q53591	4.2.2.1	Bacteria	4.2.2
O22340	4.2.3.16	Eukarya	4.2.3
O24474	4.2.3.15	Eukarya	4.2.3
P31104	4.2.3.5	Bacteria	4.2.3
Q03393	4.2.3.12	Eukarya	4.2.3
Q55012	4.2.3.7	Bacteria	4.2.3
Q39761	4.2.3.13	Eukarya	4.2.3
O66493	4.2.3.5	Bacteria	4.2.3
P07639	4.2.3.4	Bacteria	4.2.3
P13513	4.2.3.6	Eukarya	4.2.3
Q03471	4.2.3.9	Eukarya	4.2.3
P56081	4.2.3.4	Bacteria	4.2.3
P56122	4.2.3.5	Bacteria	4.2.3
P28777	4.2.3.5	Eukarya	4.2.3
P27213	4.2.3.12	Eukarya	4.2.3
Q40577	4.2.3.61	Eukarya	4.2.3
P27793	4.2.3.5	Eukarya	4.2.3
Q51507	4.2.99.21	Bacteria	4.2.99
P22936	4.2.99.18	Eukarya	4.2.99
Q05514	4.3.1.2	Bacteria	4.3.1
P00926	4.3.1.18	Bacteria	4.3.1
P25306	4.3.1.19	Eukarya	4.3.1
P20132	4.3.1.17	Eukarya	4.3.1
P45725	4.3.1.24	Eukarya	4.3.1
P45724	4.3.1.24	Eukarya	4.3.1
P19636	4.3.1.7	Bacteria	4.3.1
P0AC38	4.3.1.1	Bacteria	4.3.1
P42630	4.3.1.17	Bacteria	4.3.1
P35510	4.3.1.24	Eukarya	4.3.1
P24481	4.3.1.24	Eukarya	4.3.1
P16095	4.3.1.17	Bacteria	4.3.1
P09367	4.3.1.17	Eukarya	4.3.1
P21310	4.3.1.3	Bacteria	4.3.1
Q9SS45	4.3.1.24	Eukarya	4.3.1
P30566	4.3.2.2	Eukarya	4.3.2
P12047	4.3.2.2	Bacteria	4.3.2
P04424	4.3.2.1	Eukarya	4.3.2
Q9X0I0	4.3.2.2	Bacteria	4.3.2
Q03148	4.3.3.6	Eukarya	4.3.3
Q57695	4.3.3.7	Archaea	4.3.3
P37527	4.3.3.6	Bacteria	4.3.3
Q9JZR4	4.3.3.7	Bacteria	4.3.3
P18417	4.3.3.2	Eukarya	4.3.3
P19808	4.3.3.7	Bacteria	4.3.3
Q9X1K9	4.3.3.7	Bacteria	4.3.3
Q9I4W3	4.3.3.7	Bacteria	4.3.3
P37528	4.3.3.6	Bacteria	4.3.3
Q06402	4.4.1.14	Eukarya	4.4.1
P53702	4.4.1.17	Eukarya	4.4.1
P45578	4.4.1.21	Bacteria	4.4.1
P18485	4.4.1.14	Eukarya	4.4.1
P16635	4.4.1.5	Bacteria	4.4.1
P06721	4.4.1.8	Bacteria	4.4.1
P32929	4.4.1.1	Eukarya	4.4.1
Q9ZMW8	4.4.1.21	Bacteria	4.4.1
P53780	4.4.1.8	Eukarya	4.4.1
P43623	4.4.1.8	Eukarya	4.4.1
P23279	4.4.1.14	Eukarya	4.4.1
Q60860	4.4.1.20	Eukarya	4.4.1
P13254	4.4.1.11	Bacteria	4.4.1
P53701	4.4.1.17	Eukarya	4.4.1
Q16873	4.4.1.20	Eukarya	4.4.1
Q04760	4.4.1.5	Eukarya	4.4.1
O34667	4.4.1.21	Bacteria	4.4.1
P44007	4.4.1.21	Bacteria	4.4.1
P31373	4.4.1.1	Eukarya	4.4.1
P43387	4.5.1.3	Bacteria	4.5.1
P21161	4.5.1.3	Bacteria	4.5.1
P51830	4.6.1.1	Eukarya	4.6.1
P19686	4.6.1.2	Eukarya	4.6.1
P16066	4.6.1.2	Eukarya	4.6.1
P33402	4.6.1.2	Eukarya	4.6.1
Q04400	4.6.1.1	Eukarya	4.6.1
Q08828	4.6.1.1	Eukarya	4.6.1
P00936	4.6.1.1	Bacteria	4.6.1
P26769	4.6.1.1	Eukarya	4.6.1
P25092	4.6.1.2	Eukarya	4.6.1
P20594	4.6.1.2	Eukarya	4.6.1
P21932	4.6.1.1	Eukarya	4.6.1
Q01341	4.6.1.1	Eukarya	4.6.1
P19687	4.6.1.2	Eukarya	4.6.1
O95622	4.6.1.1	Eukarya	4.6.1
P18293	4.6.1.2	Eukarya	4.6.1
P44815	4.6.1.12	Bacteria	4.6.1
P20595	4.6.1.2	Eukarya	4.6.1
Q02846	4.6.1.2	Eukarya	4.6.1
P08954	4.6.1.13	Bacteria	4.6.1
P97490	4.6.1.1	Eukarya	4.6.1
Q08462	4.6.1.1	Eukarya	4.6.1
O29362	4.6.1.16	Archaea	4.6.1
Q02108	4.6.1.2	Eukarya	4.6.1
P19754	4.6.1.1	Eukarya	4.6.1
P16688	4.7.1.1	Bacteria	4.7.1
P22315	4.99.1.1	Eukarya	4.99.1
P32396	4.99.1.1	Bacteria	4.99.1
P16622	4.99.1.1	Eukarya	4.99.1
O42479	4.99.1.1	Eukarya	4.99.1
O57478	4.99.1.1	Eukarya	4.99.1
P22830	4.99.1.1	Eukarya	4.99.1
P94494	5.1.1.1	Bacteria	5.1.1
Q03469	5.1.1.3	Bacteria	5.1.1
O59828	5.1.1.1	Eukarya	5.1.1
P94556	5.1.1.3	Bacteria	5.1.1
P10724	5.1.1.1	Bacteria	5.1.1
P56868	5.1.1.3	Bacteria	5.1.1
P44859	5.1.1.7	Bacteria	5.1.1
Q9ZLT0	5.1.1.3	Bacteria	5.1.1
P11444	5.1.2.2	Bacteria	5.1.2
O50580	5.1.3.31	Bacteria	5.1.3
P09147	5.1.3.2	Bacteria	5.1.3
P17560	5.1.3.8	Eukarya	5.1.3
Q14376	5.1.3.2	Eukarya	5.1.3
P32156	5.1.3.32	Bacteria	5.1.3
P39371	5.1.3.24	Bacteria	5.1.3
Q43157	5.1.3.1	Eukarya	5.1.3
Q9UHK6	5.1.99.4	Eukarya	5.1.99
Q00924	5.1.99.5	Bacteria	5.1.99
P70473	5.1.99.4	Eukarya	5.1.99
O09174	5.1.99.4	Eukarya	5.1.99
P23284	5.2.1.8	Eukarya	5.2.1
P45877	5.2.1.8	Eukarya	5.2.1
P82536	5.2.1.8	Eukarya	5.2.1
P62937	5.2.1.8	Eukarya	5.2.1
P45523	5.2.1.8	Bacteria	5.2.1
Q08752	5.2.1.8	Eukarya	5.2.1
P34790	5.2.1.8	Eukarya	5.2.1
P34791	5.2.1.8	Eukarya	5.2.1
P30405	5.2.1.8	Eukarya	5.2.1
Q14318	5.2.1.8	Eukarya	5.2.1
Q13526	5.2.1.8	Eukarya	5.2.1
Q9UNP9	5.2.1.8	Eukarya	5.2.1
O52980	5.2.1.8	Archaea	5.2.1
O43123	5.2.1.2	Eukarya	5.2.1
P13376	5.3.1.9	Bacteria	5.3.1
P48499	5.3.1.1	Eukarya	5.3.1
P00940	5.3.1.1	Eukarya	5.3.1
P06744	5.3.1.9	Eukarya	5.3.1
P56076	5.3.1.1	Bacteria	5.3.1
O50083	5.3.1.6	Archaea	5.3.1
P12851	5.3.1.5	Bacteria	5.3.1
Q58998	5.3.1.6	Archaea	5.3.1
P42413	5.3.1.30	Bacteria	5.3.1
O74025	5.3.1.1	Archaea	5.3.1
P06745	5.3.1.9	Eukarya	5.3.1
Q10657	5.3.1.1	Eukarya	5.3.1
P24300	5.3.1.5	Bacteria	5.3.1
P60174	5.3.1.1	Eukarya	5.3.1
P00942	5.3.1.1	Eukarya	5.3.1
P45395	5.3.1.13	Bacteria	5.3.1
Q56320	5.3.1.24	Bacteria	5.3.1
O31662	5.3.1.23	Bacteria	5.3.1
P25081	5.3.1.8	Bacteria	5.3.1
P48491	5.3.1.1	Eukarya	5.3.1
P34795	5.3.1.9	Eukarya	5.3.1
P36186	5.3.1.1	Eukarya	5.3.1
P04789	5.3.1.1	Eukarya	5.3.1
P0A858	5.3.1.1	Bacteria	5.3.1
Q9ZU38	5.3.1.6	Eukarya	5.3.1
P08202	5.3.1.4	Bacteria	5.3.1
P00943	5.3.1.1	Bacteria	5.3.1
Q46938	5.3.1.17	Bacteria	5.3.1
P42404	5.3.1.27	Bacteria	5.3.1
P50921	5.3.1.1	Bacteria	5.3.1
Q58644	5.3.1.27	Archaea	5.3.1
Q9N1E2	5.3.1.9	Eukarya	5.3.1
P23495	5.3.1.26	Bacteria	5.3.1
Q58923	5.3.1.1	Archaea	5.3.1
P13377	5.3.1.9	Eukarya	5.3.1
P26997	5.3.1.5	Bacteria	5.3.1
P15587	5.3.1.5	Bacteria	5.3.1
P52270	5.3.1.1	Eukarya	5.3.1
Q07412	5.3.1.1	Eukarya	5.3.1
P40545	5.3.1.16	Eukarya	5.3.1
P32170	5.3.1.14	Bacteria	5.3.1
P34884	5.3.2.1	Eukarya	5.3.2
P49172	5.3.2.6	Bacteria	5.3.2
P07445	5.3.3.1	Bacteria	5.3.3
P77467	5.3.3.18	Bacteria	5.3.3
Q15125	5.3.3.5	Eukarya	5.3.3
Q46822	5.3.3.2	Bacteria	5.3.3
Q13907	5.3.3.2	Eukarya	5.3.3
P70245	5.3.3.5	Eukarya	5.3.3
P42126	5.3.3.8	Eukarya	5.3.3
P00947	5.3.3.1	Bacteria	5.3.3
P23965	5.3.3.8	Eukarya	5.3.3
P50740	5.3.3.2	Bacteria	5.3.3
Q51792	5.3.3.17	Bacteria	5.3.3
Q60490	5.3.3.5	Eukarya	5.3.3
Q42553	5.3.3.2	Eukarya	5.3.3
P04785	5.3.4.1	Eukarya	5.3.4
P38659	5.3.4.1	Eukarya	5.3.4
P13667	5.3.4.1	Eukarya	5.3.4
P30101	5.3.4.1	Eukarya	5.3.4
P27773	5.3.4.1	Eukarya	5.3.4
P17967	5.3.4.1	Eukarya	5.3.4
Q13087	5.3.4.1	Eukarya	5.3.4
P07237	5.3.4.1	Eukarya	5.3.4
P55059	5.3.4.1	Eukarya	5.3.4
O73888	5.3.99.2	Eukarya	5.3.99
O14684	5.3.99.3	Eukarya	5.3.99
O35543	5.3.99.2	Eukarya	5.3.99
Q16647	5.3.99.4	Eukarya	5.3.99
P42419	5.3.99.11	Bacteria	5.3.99
P22057	5.3.99.2	Eukarya	5.3.99
P41222	5.3.99.2	Eukarya	5.3.99
O09114	5.3.99.2	Eukarya	5.3.99
P36623	5.4.2.11	Eukarya	5.4.2
Q9M9K1	5.4.2.12	Eukarya	5.4.2
O95394	5.4.2.3	Eukarya	5.4.2
O15305	5.4.2.8	Eukarya	5.4.2
P56839	5.4.2.9	Eukarya	5.4.2
Q9SCY0	5.4.2.2	Eukarya	5.4.2
Q59007	5.4.2.12	Archaea	5.4.2
Q9P4V2	5.4.2.3	Eukarya	5.4.2
O80840	5.4.2.8	Eukarya	5.4.2
P0A6K6	5.4.2.7	Bacteria	5.4.2
P71447	5.4.2.6	Bacteria	5.4.2
P00950	5.4.2.11	Eukarya	5.4.2
Q92871	5.4.2.8	Eukarya	5.4.2
Q60326	5.4.2.12	Archaea	5.4.2
Q9SGC1	5.4.2.2	Eukarya	5.4.2
P24630	5.4.3.8	Bacteria	5.4.3
P30949	5.4.3.8	Bacteria	5.4.3
Q51508	5.4.4.2	Bacteria	5.4.4
P38051	5.4.4.2	Bacteria	5.4.4
P48450	5.4.99.7	Eukarya	5.4.99
Q08647	5.4.99.27	Eukarya	5.4.99
Q9WZW0	5.4.99.25	Bacteria	5.4.99
P48567	5.4.99.25	Eukarya	5.4.99
P37747	5.4.99.9	Bacteria	5.4.99
P38604	5.4.99.7	Eukarya	5.4.99
P53294	5.4.99.42	Eukarya	5.4.99
Q9V1A5	5.4.99.25	Archaea	5.4.99
P11652	5.4.99.2	Bacteria	5.4.99
P32178	5.4.99.5	Eukarya	5.4.99
Q57261	5.4.99.27	Bacteria	5.4.99
P80078	5.4.99.1	Bacteria	5.4.99
P53167	5.4.99.44	Eukarya	5.4.99
P19080	5.4.99.5	Bacteria	5.4.99
P38605	5.4.99.8	Eukarya	5.4.99
P22033	5.4.99.2	Eukarya	5.4.99
P75966	5.4.99.20	Bacteria	5.4.99
P11653	5.4.99.2	Bacteria	5.4.99
P37765	5.4.99.22	Bacteria	5.4.99
P04982	5.4.99.62	Bacteria	5.4.99
P32684	5.4.99.21	Bacteria	5.4.99
P48449	5.4.99.7	Eukarya	5.4.99
Q48485	5.4.99.9	Bacteria	5.4.99
Q12069	5.4.99.28	Eukarya	5.4.99
P33643	5.4.99.23	Bacteria	5.4.99
P21638	5.4.99.61	Bacteria	5.4.99
Q43503	5.5.1.19	Eukarya	5.5.1
P28012	5.5.1.6	Eukarya	5.5.1
Q38862	5.5.1.4	Eukarya	5.5.1
P08310	5.5.1.1	Bacteria	5.5.1
Q38932	5.5.1.18	Eukarya	5.5.1
Q43056	5.5.1.6	Eukarya	5.5.1
O64437	5.5.1.4	Eukarya	5.5.1
P42801	5.5.1.4	Eukarya	5.5.1
Q9LX12	5.5.1.4	Eukarya	5.5.1
Q55276	5.5.1.19	Bacteria	5.5.1
P0AES6	5.99.1.3	Bacteria	5.99.1
Q02880	5.99.1.3	Eukarya	5.99.1
P11387	5.99.1.2	Eukarya	5.99.1
P11388	5.99.1.3	Eukarya	5.99.1
P30181	5.99.1.2	Eukarya	5.99.1
P14294	5.99.1.2	Bacteria	5.99.1
P06786	5.99.1.3	Eukarya	5.99.1
Q51948	5.99.1.4	Bacteria	5.99.1
Q04750	5.99.1.2	Eukarya	5.99.1
P46799	5.99.1.2	Bacteria	5.99.1
O05208	5.99.1.3	Archaea	5.99.1
O05207	5.99.1.3	Archaea	5.99.1
P06612	5.99.1.2	Bacteria	5.99.1
P14868	6.1.1.12	Eukarya	6.1.1
P0AGJ9	6.1.1.1	Bacteria	6.1.1
O58441	6.1.1.11	Archaea	6.1.1
P39581	6.1.1.13	Bacteria	6.1.1
O23627	6.1.1.14	Eukarya	6.1.1
Q57834	6.1.1.1	Archaea	6.1.1
Q9RHV9	6.1.1.6	Bacteria	6.1.1
P56192	6.1.1.10	Eukarya	6.1.1
O58035	6.1.1.7	Archaea	6.1.1
P56926	6.1.1.18	Bacteria	6.1.1
P0A8M3	6.1.1.3	Bacteria	6.1.1
P56194	6.1.1.21	Bacteria	6.1.1
P41972	6.1.1.5	Bacteria	6.1.1
Q9UZ14	6.1.1.3	Archaea	6.1.1
P46655	6.1.1.17	Eukarya	6.1.1
O26328	6.1.1.23	Archaea	6.1.1
P23381	6.1.1.2	Eukarya	6.1.1
P56690	6.1.1.5	Bacteria	6.1.1
O57963	6.1.1.6	Archaea	6.1.1
P21889	6.1.1.12	Bacteria	6.1.1
P32921	6.1.1.2	Eukarya	6.1.1
P56206	6.1.1.14	Bacteria	6.1.1
Q58635	6.1.1.15	Archaea	6.1.1
Q58597	6.1.1.3	Archaea	6.1.1
P96142	6.1.1.9	Bacteria	6.1.1
P27000	6.1.1.17	Bacteria	6.1.1
P13188	6.1.1.18	Eukarya	6.1.1
P00959	6.1.1.10	Bacteria	6.1.1
P30053	6.1.1.21	Bacteria	6.1.1
P54577	6.1.1.1	Eukarya	6.1.1
Q52428	6.1.1.12	Archaea	6.1.1
P34945	6.1.1.11	Bacteria	6.1.1
P00952	6.1.1.1	Bacteria	6.1.1
Q15031	6.1.1.4	Eukarya	6.1.1
O26157	6.1.1.17	Archaea	6.1.1
P36419	6.1.1.12	Bacteria	6.1.1
O52765	6.1.1.21	Bacteria	6.1.1
P21888	6.1.1.16	Bacteria	6.1.1
P38088	6.1.1.14	Eukarya	6.1.1
O59147	6.1.1.19	Archaea	6.1.1
P49590	6.1.1.21	Eukarya	6.1.1
Q9Y924	6.1.1.2	Archaea	6.1.1
P04802	6.1.1.12	Eukarya	6.1.1
Q05506	6.1.1.19	Eukarya	6.1.1
P26637	6.1.1.4	Eukarya	6.1.1
Q9V011	6.1.1.10	Archaea	6.1.1
P93736	6.1.1.9	Eukarya	6.1.1
O29482	6.1.1.1	Archaea	6.1.1
O73984	6.1.1.20	Archaea	6.1.1
Q9NSD9	6.1.1.20	Eukarya	6.1.1
P25051	6.1.2.1	Bacteria	6.1.2
P33124	6.2.1.3	Eukarya	6.2.1
P18163	6.2.1.3	Eukarya	6.2.1
Q01574	6.2.1.1	Eukarya	6.2.1
P0A836	6.2.1.5	Bacteria	6.2.1
Q9S725	6.2.1.12	Eukarya	6.2.1
O88813	6.2.1.3	Eukarya	6.2.1
P41216	6.2.1.3	Eukarya	6.2.1
O95573	6.2.1.3	Eukarya	6.2.1
P0AGE9	6.2.1.5	Bacteria	6.2.1
Q42524	6.2.1.12	Eukarya	6.2.1
P33121	6.2.1.3	Eukarya	6.2.1
Q63151	6.2.1.3	Eukarya	6.2.1
P39518	6.2.1.3	Eukarya	6.2.1
Q9QUJ7	6.2.1.3	Eukarya	6.2.1
O24146	6.2.1.12	Eukarya	6.2.1
Q9HH09	6.3.1.2	Archaea	6.3.1
P0A1P6	6.3.1.2	Bacteria	6.3.1
Q60182	6.3.1.2	Archaea	6.3.1
P15105	6.3.1.2	Eukarya	6.3.1
P14655	6.3.1.2	Eukarya	6.3.1
P12425	6.3.1.2	Bacteria	6.3.1
Q9LVI8	6.3.1.2	Eukarya	6.3.1
P15104	6.3.1.2	Eukarya	6.3.1
P38561	6.3.1.2	Eukarya	6.3.1
Q43127	6.3.1.2	Eukarya	6.3.1
P77961	6.3.1.2	Bacteria	6.3.1
P08164	6.3.1.5	Bacteria	6.3.1
P15623	6.3.1.2	Bacteria	6.3.1
P14654	6.3.1.2	Eukarya	6.3.1
O29313	6.3.1.2	Archaea	6.3.1
P09606	6.3.1.2	Eukarya	6.3.1
O08467	6.3.1.2	Archaea	6.3.1
P14656	6.3.1.2	Eukarya	6.3.1
P46309	6.3.2.2	Eukarya	6.3.2
P17952	6.3.2.8	Bacteria	6.3.2
Q08220	6.3.2.3	Eukarya	6.3.2
Q47318	6.3.2.39	Bacteria	6.3.2
Q58407	6.3.2.32	Archaea	6.3.2
P04425	6.3.2.3	Bacteria	6.3.2
O24035	6.3.2.1	Eukarya	6.3.2
Q9WY73	6.3.2.8	Bacteria	6.3.2
P19468	6.3.2.2	Eukarya	6.3.2
P48637	6.3.2.3	Eukarya	6.3.2
Q58037	6.3.2.33	Archaea	6.3.2
P07862	6.3.2.4	Bacteria	6.3.2
O23736	6.3.2.2	Eukarya	6.3.2
P35669	6.3.2.3	Eukarya	6.3.2
P10378	6.3.2.14	Bacteria	6.3.2
P31663	6.3.2.1	Bacteria	6.3.2
P14900	6.3.2.9	Bacteria	6.3.2
P15925	6.3.2.17	Bacteria	6.3.2
P22188	6.3.2.13	Bacteria	6.3.2
P45066	6.3.2.8	Bacteria	6.3.2
Q58987	6.3.2.6	Archaea	6.3.2
O57978	6.3.2.6	Archaea	6.3.2
Q47316	6.3.2.38	Bacteria	6.3.2
P46413	6.3.2.3	Eukarya	6.3.2
P48506	6.3.2.2	Eukarya	6.3.2
P32477	6.3.2.2	Eukarya	6.3.2
P27616	6.3.2.6	Eukarya	6.3.2
P0A6W9	6.3.2.2	Bacteria	6.3.2
P08178	6.3.3.1	Bacteria	6.3.3
P49914	6.3.3.2	Eukarya	6.3.3
P75430	6.3.3.2	Bacteria	6.3.3
O24396	6.3.4.4	Eukarya	6.3.4
P21164	6.3.4.3	Bacteria	6.3.4
P52097	6.3.4.19	Bacteria	6.3.4
P31327	6.3.4.16	Eukarya	6.3.4
Q57600	6.3.4.23	Archaea	6.3.4
P09029	6.3.4.18	Bacteria	6.3.4
O67728	6.3.4.19	Bacteria	6.3.4
P70698	6.3.4.2	Eukarya	6.3.4
P24182	6.3.4.14	Bacteria	6.3.4
P37563	6.3.4.19	Bacteria	6.3.4
P28650	6.3.4.4	Eukarya	6.3.4
P22253	6.3.4.21	Bacteria	6.3.4
P28274	6.3.4.2	Eukarya	6.3.4
P38627	6.3.4.2	Eukarya	6.3.4
P39683	6.3.4.21	Eukarya	6.3.4
O58187	6.3.4.4	Archaea	6.3.4
Q96529	6.3.4.4	Eukarya	6.3.4
P0A7E5	6.3.4.2	Bacteria	6.3.4
P16460	6.3.4.5	Eukarya	6.3.4
O66949	6.3.4.13	Bacteria	6.3.4
P15640	6.3.4.13	Bacteria	6.3.4
P18133	6.3.4.21	Bacteria	6.3.4
P00966	6.3.4.5	Eukarya	6.3.4
Q9X0X3	6.3.5.3	Bacteria	6.3.5
P08243	6.3.5.4	Eukarya	6.3.5
P04079	6.3.5.2	Bacteria	6.3.5
P22106	6.3.5.4	Bacteria	6.3.5
P49915	6.3.5.2	Eukarya	6.3.5
P29946	6.3.5.11	Bacteria	6.3.5
P74881	6.3.5.3	Bacteria	6.3.5
Q9X0Z9	6.3.5.7	Bacteria	6.3.5
P00968	6.3.5.5	Bacteria	6.3.5
O59072	6.3.5.2	Archaea	6.3.5
Q13085	6.4.1.2	Eukarya	6.4.1
P14882	6.4.1.3	Eukarya	6.4.1
P52873	6.4.1.1	Eukarya	6.4.1
P11154	6.4.1.1	Eukarya	6.4.1
P11498	6.4.1.1	Eukarya	6.4.1
P32327	6.4.1.1	Eukarya	6.4.1
P56709	6.5.1.1	Archaea	6.5.1
P49421	6.5.1.2	Bacteria	6.5.1
O29632	6.5.1.1	Archaea	6.5.1
P46849	6.5.1.4	Bacteria	6.5.1
Q9ZHI0	6.5.1.2	Bacteria	6.5.1
P49917	6.5.1.1	Eukarya	6.5.1
P18858	6.5.1.1	Eukarya	6.5.1
P15042	6.5.1.2	Bacteria	6.5.1
O00442	6.5.1.4	Eukarya	6.5.1
Q9YD18	6.5.1.1	Archaea	6.5.1
O87703	6.5.1.2	Bacteria	6.5.1
P49916	6.5.1.1	Eukarya	6.5.1
Q08387	6.5.1.1	Eukarya	6.5.1
Q9HH07	6.5.1.6	Archaea	6.5.1
P26239	6.6.1.1	Bacteria	6.6.1
